c_num,x_idx,y_idx,x_val,y_val
330,42,2,-73.75,-53.75
331,43,2,-71.25,-53.75
332,44,2,-68.75,-53.75
333,45,2,-66.25,-53.75
475,43,3,-71.25,-51.25
480,48,3,-58.75,-51.25
617,41,4,-76.25,-48.75
618,42,4,-73.75,-48.75
619,43,4,-71.25,-48.75
620,44,4,-68.75,-48.75
621,45,4,-66.25,-48.75
675,99,4,68.75,-48.75
761,41,5,-76.25,-46.25
762,42,5,-73.75,-46.25
763,43,5,-71.25,-46.25
764,44,5,-68.75,-46.25
858,138,5,166.25,-46.25
859,139,5,168.75,-46.25
906,42,6,-73.75,-43.75
907,43,6,-71.25,-43.75
908,44,6,-68.75,-43.75
909,45,6,-66.25,-43.75
994,130,6,146.25,-43.75
1003,139,6,168.75,-43.75
1004,140,6,171.25,-43.75
1005,141,6,173.75,-43.75
1050,42,7,-73.75,-41.25
1051,43,7,-71.25,-41.25
1052,44,7,-68.75,-41.25
1053,45,7,-66.25,-41.25
1054,46,7,-63.75,-41.25
1137,129,7,143.75,-41.25
1138,130,7,146.25,-41.25
1148,140,7,171.25,-41.25
1149,141,7,173.75,-41.25
1150,142,7,176.25,-41.25
1194,42,8,-73.75,-38.75
1195,43,8,-71.25,-38.75
1196,44,8,-68.75,-38.75
1197,45,8,-66.25,-38.75
1198,46,8,-63.75,-38.75
1199,47,8,-61.25,-38.75
1200,48,8,-58.75,-38.75
1280,128,8,141.25,-38.75
1281,129,8,143.75,-38.75
1282,130,8,146.25,-38.75
1283,131,8,148.75,-38.75
1293,141,8,173.75,-38.75
1294,142,8,176.25,-38.75
1338,42,9,-73.75,-36.25
1339,43,9,-71.25,-36.25
1340,44,9,-68.75,-36.25
1341,45,9,-66.25,-36.25
1342,46,9,-63.75,-36.25
1343,47,9,-61.25,-36.25
1344,48,9,-58.75,-36.25
1422,126,9,136.25,-36.25
1423,127,9,138.75,-36.25
1424,128,9,141.25,-36.25
1425,129,9,143.75,-36.25
1426,130,9,146.25,-36.25
1427,131,9,148.75,-36.25
1437,141,9,173.75,-36.25
1483,43,10,-71.25,-33.75
1484,44,10,-68.75,-33.75
1485,45,10,-66.25,-33.75
1486,46,10,-63.75,-33.75
1487,47,10,-61.25,-33.75
1488,48,10,-58.75,-33.75
1489,49,10,-56.25,-33.75
1490,50,10,-53.75,-33.75
1519,79,10,18.75,-33.75
1520,80,10,21.25,-33.75
1521,81,10,23.75,-33.75
1522,82,10,26.25,-33.75
1523,83,10,28.75,-33.75
1558,118,10,116.25,-33.75
1559,119,10,118.75,-33.75
1560,120,10,121.25,-33.75
1561,121,10,123.75,-33.75
1565,125,10,133.75,-33.75
1566,126,10,136.25,-33.75
1567,127,10,138.75,-33.75
1568,128,10,141.25,-33.75
1569,129,10,143.75,-33.75
1570,130,10,146.25,-33.75
1571,131,10,148.75,-33.75
1572,132,10,151.25,-33.75
1627,43,11,-71.25,-31.25
1628,44,11,-68.75,-31.25
1629,45,11,-66.25,-31.25
1630,46,11,-63.75,-31.25
1631,47,11,-61.25,-31.25
1632,48,11,-58.75,-31.25
1633,49,11,-56.25,-31.25
1634,50,11,-53.75,-31.25
1635,51,11,-51.25,-31.25
1662,78,11,16.25,-31.25
1663,79,11,18.75,-31.25
1664,80,11,21.25,-31.25
1665,81,11,23.75,-31.25
1666,82,11,26.25,-31.25
1667,83,11,28.75,-31.25
1702,118,11,116.25,-31.25
1703,119,11,118.75,-31.25
1704,120,11,121.25,-31.25
1705,121,11,123.75,-31.25
1706,122,11,126.25,-31.25
1707,123,11,128.75,-31.25
1708,124,11,131.25,-31.25
1709,125,11,133.75,-31.25
1710,126,11,136.25,-31.25
1711,127,11,138.75,-31.25
1712,128,11,141.25,-31.25
1713,129,11,143.75,-31.25
1714,130,11,146.25,-31.25
1715,131,11,148.75,-31.25
1716,132,11,151.25,-31.25
1771,43,12,-71.25,-28.75
1772,44,12,-68.75,-28.75
1773,45,12,-66.25,-28.75
1774,46,12,-63.75,-28.75
1775,47,12,-61.25,-28.75
1776,48,12,-58.75,-28.75
1777,49,12,-56.25,-28.75
1778,50,12,-53.75,-28.75
1779,51,12,-51.25,-28.75
1806,78,12,16.25,-28.75
1807,79,12,18.75,-28.75
1808,80,12,21.25,-28.75
1809,81,12,23.75,-28.75
1810,82,12,26.25,-28.75
1811,83,12,28.75,-28.75
1812,84,12,31.25,-28.75
1845,117,12,113.75,-28.75
1846,118,12,116.25,-28.75
1847,119,12,118.75,-28.75
1848,120,12,121.25,-28.75
1849,121,12,123.75,-28.75
1850,122,12,126.25,-28.75
1851,123,12,128.75,-28.75
1852,124,12,131.25,-28.75
1853,125,12,133.75,-28.75
1854,126,12,136.25,-28.75
1855,127,12,138.75,-28.75
1856,128,12,141.25,-28.75
1857,129,12,143.75,-28.75
1858,130,12,146.25,-28.75
1859,131,12,148.75,-28.75
1860,132,12,151.25,-28.75
1861,133,12,153.75,-28.75
1915,43,13,-71.25,-26.25
1916,44,13,-68.75,-26.25
1917,45,13,-66.25,-26.25
1918,46,13,-63.75,-26.25
1919,47,13,-61.25,-26.25
1920,48,13,-58.75,-26.25
1921,49,13,-56.25,-26.25
1922,50,13,-53.75,-26.25
1923,51,13,-51.25,-26.25
1924,52,13,-48.75,-26.25
1949,77,13,13.75,-26.25
1950,78,13,16.25,-26.25
1951,79,13,18.75,-26.25
1952,80,13,21.25,-26.25
1953,81,13,23.75,-26.25
1954,82,13,26.25,-26.25
1955,83,13,28.75,-26.25
1956,84,13,31.25,-26.25
1961,89,13,43.75,-26.25
1989,117,13,113.75,-26.25
1990,118,13,116.25,-26.25
1991,119,13,118.75,-26.25
1992,120,13,121.25,-26.25
1993,121,13,123.75,-26.25
1994,122,13,126.25,-26.25
1995,123,13,128.75,-26.25
1996,124,13,131.25,-26.25
1997,125,13,133.75,-26.25
1998,126,13,136.25,-26.25
1999,127,13,138.75,-26.25
2000,128,13,141.25,-26.25
2001,129,13,143.75,-26.25
2002,130,13,146.25,-26.25
2003,131,13,148.75,-26.25
2004,132,13,151.25,-26.25
2059,43,14,-71.25,-23.75
2060,44,14,-68.75,-23.75
2061,45,14,-66.25,-23.75
2062,46,14,-63.75,-23.75
2063,47,14,-61.25,-23.75
2064,48,14,-58.75,-23.75
2065,49,14,-56.25,-23.75
2066,50,14,-53.75,-23.75
2067,51,14,-51.25,-23.75
2068,52,14,-48.75,-23.75
2069,53,14,-46.25,-23.75
2070,54,14,-43.75,-23.75
2093,77,14,13.75,-23.75
2094,78,14,16.25,-23.75
2095,79,14,18.75,-23.75
2096,80,14,21.25,-23.75
2097,81,14,23.75,-23.75
2098,82,14,26.25,-23.75
2099,83,14,28.75,-23.75
2100,84,14,31.25,-23.75
2101,85,14,33.75,-23.75
2105,89,14,43.75,-23.75
2106,90,14,46.25,-23.75
2133,117,14,113.75,-23.75
2134,118,14,116.25,-23.75
2135,119,14,118.75,-23.75
2136,120,14,121.25,-23.75
2137,121,14,123.75,-23.75
2138,122,14,126.25,-23.75
2139,123,14,128.75,-23.75
2140,124,14,131.25,-23.75
2141,125,14,133.75,-23.75
2142,126,14,136.25,-23.75
2143,127,14,138.75,-23.75
2144,128,14,141.25,-23.75
2145,129,14,143.75,-23.75
2146,130,14,146.25,-23.75
2147,131,14,148.75,-23.75
2148,132,14,151.25,-23.75
2203,43,15,-71.25,-21.25
2204,44,15,-68.75,-21.25
2205,45,15,-66.25,-21.25
2206,46,15,-63.75,-21.25
2207,47,15,-61.25,-21.25
2208,48,15,-58.75,-21.25
2209,49,15,-56.25,-21.25
2210,50,15,-53.75,-21.25
2211,51,15,-51.25,-21.25
2212,52,15,-48.75,-21.25
2213,53,15,-46.25,-21.25
2214,54,15,-43.75,-21.25
2215,55,15,-41.25,-21.25
2237,77,15,13.75,-21.25
2238,78,15,16.25,-21.25
2239,79,15,18.75,-21.25
2240,80,15,21.25,-21.25
2241,81,15,23.75,-21.25
2242,82,15,26.25,-21.25
2243,83,15,28.75,-21.25
2244,84,15,31.25,-21.25
2245,85,15,33.75,-21.25
2249,89,15,43.75,-21.25
2250,90,15,46.25,-21.25
2251,91,15,48.75,-21.25
2277,117,15,113.75,-21.25
2278,118,15,116.25,-21.25
2279,119,15,118.75,-21.25
2280,120,15,121.25,-21.25
2281,121,15,123.75,-21.25
2282,122,15,126.25,-21.25
2283,123,15,128.75,-21.25
2284,124,15,131.25,-21.25
2285,125,15,133.75,-21.25
2286,126,15,136.25,-21.25
2287,127,15,138.75,-21.25
2288,128,15,141.25,-21.25
2289,129,15,143.75,-21.25
2290,130,15,146.25,-21.25
2291,131,15,148.75,-21.25
2297,137,15,163.75,-21.25
2347,43,16,-71.25,-18.75
2348,44,16,-68.75,-18.75
2349,45,16,-66.25,-18.75
2350,46,16,-63.75,-18.75
2351,47,16,-61.25,-18.75
2352,48,16,-58.75,-18.75
2353,49,16,-56.25,-18.75
2354,50,16,-53.75,-18.75
2355,51,16,-51.25,-18.75
2356,52,16,-48.75,-18.75
2357,53,16,-46.25,-18.75
2358,54,16,-43.75,-18.75
2359,55,16,-41.25,-18.75
2380,76,16,11.25,-18.75
2381,77,16,13.75,-18.75
2382,78,16,16.25,-18.75
2383,79,16,18.75,-18.75
2384,80,16,21.25,-18.75
2385,81,16,23.75,-18.75
2386,82,16,26.25,-18.75
2387,83,16,28.75,-18.75
2388,84,16,31.25,-18.75
2389,85,16,33.75,-18.75
2390,86,16,36.25,-18.75
2393,89,16,43.75,-18.75
2394,90,16,46.25,-18.75
2395,91,16,48.75,-18.75
2424,120,16,121.25,-18.75
2425,121,16,123.75,-18.75
2426,122,16,126.25,-18.75
2427,123,16,128.75,-18.75
2428,124,16,131.25,-18.75
2429,125,16,133.75,-18.75
2430,126,16,136.25,-18.75
2431,127,16,138.75,-18.75
2432,128,16,141.25,-18.75
2433,129,16,143.75,-18.75
2434,130,16,146.25,-18.75
2447,143,16,178.75,-18.75
2489,41,17,-76.25,-16.25
2490,42,17,-73.75,-16.25
2491,43,17,-71.25,-16.25
2492,44,17,-68.75,-16.25
2493,45,17,-66.25,-16.25
2494,46,17,-63.75,-16.25
2495,47,17,-61.25,-16.25
2496,48,17,-58.75,-16.25
2497,49,17,-56.25,-16.25
2498,50,17,-53.75,-16.25
2499,51,17,-51.25,-16.25
2500,52,17,-48.75,-16.25
2501,53,17,-46.25,-16.25
2502,54,17,-43.75,-16.25
2503,55,17,-41.25,-16.25
2524,76,17,11.25,-16.25
2525,77,17,13.75,-16.25
2526,78,17,16.25,-16.25
2527,79,17,18.75,-16.25
2528,80,17,21.25,-16.25
2529,81,17,23.75,-16.25
2530,82,17,26.25,-16.25
2531,83,17,28.75,-16.25
2532,84,17,31.25,-16.25
2533,85,17,33.75,-16.25
2534,86,17,36.25,-16.25
2535,87,17,38.75,-16.25
2537,89,17,43.75,-16.25
2538,90,17,46.25,-16.25
2539,91,17,48.75,-16.25
2569,121,17,123.75,-16.25
2570,122,17,126.25,-16.25
2571,123,17,128.75,-16.25
2572,124,17,131.25,-16.25
2573,125,17,133.75,-16.25
2574,126,17,136.25,-16.25
2576,128,17,141.25,-16.25
2577,129,17,143.75,-16.25
2633,41,18,-76.25,-13.75
2634,42,18,-73.75,-13.75
2635,43,18,-71.25,-13.75
2636,44,18,-68.75,-13.75
2637,45,18,-66.25,-13.75
2638,46,18,-63.75,-13.75
2639,47,18,-61.25,-13.75
2640,48,18,-58.75,-13.75
2641,49,18,-56.25,-13.75
2642,50,18,-53.75,-13.75
2643,51,18,-51.25,-13.75
2644,52,18,-48.75,-13.75
2645,53,18,-46.25,-13.75
2646,54,18,-43.75,-13.75
2647,55,18,-41.25,-13.75
2648,56,18,-38.75,-13.75
2668,76,18,11.25,-13.75
2669,77,18,13.75,-13.75
2670,78,18,16.25,-13.75
2671,79,18,18.75,-13.75
2672,80,18,21.25,-13.75
2673,81,18,23.75,-13.75
2674,82,18,26.25,-13.75
2675,83,18,28.75,-13.75
2676,84,18,31.25,-13.75
2677,85,18,33.75,-13.75
2678,86,18,36.25,-13.75
2679,87,18,38.75,-13.75
2683,91,18,48.75,-13.75
2714,122,18,126.25,-13.75
2715,123,18,128.75,-13.75
2716,124,18,131.25,-13.75
2717,125,18,133.75,-13.75
2718,126,18,136.25,-13.75
2720,128,18,141.25,-13.75
2721,129,18,143.75,-13.75
2776,40,19,-78.75,-11.25
2777,41,19,-76.25,-11.25
2778,42,19,-73.75,-11.25
2779,43,19,-71.25,-11.25
2780,44,19,-68.75,-11.25
2781,45,19,-66.25,-11.25
2782,46,19,-63.75,-11.25
2783,47,19,-61.25,-11.25
2784,48,19,-58.75,-11.25
2785,49,19,-56.25,-11.25
2786,50,19,-53.75,-11.25
2787,51,19,-51.25,-11.25
2788,52,19,-48.75,-11.25
2789,53,19,-46.25,-11.25
2790,54,19,-43.75,-11.25
2791,55,19,-41.25,-11.25
2792,56,19,-38.75,-11.25
2813,77,19,13.75,-11.25
2814,78,19,16.25,-11.25
2815,79,19,18.75,-11.25
2816,80,19,21.25,-11.25
2817,81,19,23.75,-11.25
2818,82,19,26.25,-11.25
2819,83,19,28.75,-11.25
2820,84,19,31.25,-11.25
2821,85,19,33.75,-11.25
2822,86,19,36.25,-11.25
2823,87,19,38.75,-11.25
2860,124,19,131.25,-11.25
2864,128,19,141.25,-11.25
2920,40,20,-78.75,-8.75
2921,41,20,-76.25,-8.75
2922,42,20,-73.75,-8.75
2923,43,20,-71.25,-8.75
2924,44,20,-68.75,-8.75
2925,45,20,-66.25,-8.75
2926,46,20,-63.75,-8.75
2927,47,20,-61.25,-8.75
2928,48,20,-58.75,-8.75
2929,49,20,-56.25,-8.75
2930,50,20,-53.75,-8.75
2931,51,20,-51.25,-8.75
2932,52,20,-48.75,-8.75
2933,53,20,-46.25,-8.75
2934,54,20,-43.75,-8.75
2935,55,20,-41.25,-8.75
2936,56,20,-38.75,-8.75
2937,57,20,-36.25,-8.75
2957,77,20,13.75,-8.75
2958,78,20,16.25,-8.75
2959,79,20,18.75,-8.75
2960,80,20,21.25,-8.75
2961,81,20,23.75,-8.75
2962,82,20,26.25,-8.75
2963,83,20,28.75,-8.75
2964,84,20,31.25,-8.75
2965,85,20,33.75,-8.75
2966,86,20,36.25,-8.75
2967,87,20,38.75,-8.75
2995,115,20,108.75,-8.75
2996,116,20,111.25,-8.75
2997,117,20,113.75,-8.75
2998,118,20,116.25,-8.75
2999,119,20,118.75,-8.75
3001,121,20,123.75,-8.75
3002,122,20,126.25,-8.75
3007,127,20,138.75,-8.75
3008,128,20,141.25,-8.75
3009,129,20,143.75,-8.75
3010,130,20,146.25,-8.75
3011,131,20,148.75,-8.75
3063,39,21,-81.25,-6.25
3064,40,21,-78.75,-6.25
3065,41,21,-76.25,-6.25
3066,42,21,-73.75,-6.25
3067,43,21,-71.25,-6.25
3068,44,21,-68.75,-6.25
3069,45,21,-66.25,-6.25
3070,46,21,-63.75,-6.25
3071,47,21,-61.25,-6.25
3072,48,21,-58.75,-6.25
3073,49,21,-56.25,-6.25
3074,50,21,-53.75,-6.25
3075,51,21,-51.25,-6.25
3076,52,21,-48.75,-6.25
3077,53,21,-46.25,-6.25
3078,54,21,-43.75,-6.25
3079,55,21,-41.25,-6.25
3080,56,21,-38.75,-6.25
3081,57,21,-36.25,-6.25
3100,76,21,11.25,-6.25
3101,77,21,13.75,-6.25
3102,78,21,16.25,-6.25
3103,79,21,18.75,-6.25
3104,80,21,21.25,-6.25
3105,81,21,23.75,-6.25
3106,82,21,26.25,-6.25
3107,83,21,28.75,-6.25
3108,84,21,31.25,-6.25
3109,85,21,33.75,-6.25
3110,86,21,36.25,-6.25
3111,87,21,38.75,-6.25
3137,113,21,103.75,-6.25
3138,114,21,106.25,-6.25
3139,115,21,108.75,-6.25
3149,125,21,133.75,-6.25
3151,127,21,138.75,-6.25
3152,128,21,141.25,-6.25
3153,129,21,143.75,-6.25
3154,130,21,146.25,-6.25
3155,131,21,148.75,-6.25
3156,132,21,151.25,-6.25
3157,133,21,153.75,-6.25
3207,39,22,-81.25,-3.75
3208,40,22,-78.75,-3.75
3209,41,22,-76.25,-3.75
3210,42,22,-73.75,-3.75
3211,43,22,-71.25,-3.75
3212,44,22,-68.75,-3.75
3213,45,22,-66.25,-3.75
3214,46,22,-63.75,-3.75
3215,47,22,-61.25,-3.75
3216,48,22,-58.75,-3.75
3217,49,22,-56.25,-3.75
3218,50,22,-53.75,-3.75
3219,51,22,-51.25,-3.75
3220,52,22,-48.75,-3.75
3221,53,22,-46.25,-3.75
3222,54,22,-43.75,-3.75
3223,55,22,-41.25,-3.75
3224,56,22,-38.75,-3.75
3244,76,22,11.25,-3.75
3245,77,22,13.75,-3.75
3246,78,22,16.25,-3.75
3247,79,22,18.75,-3.75
3248,80,22,21.25,-3.75
3249,81,22,23.75,-3.75
3250,82,22,26.25,-3.75
3251,83,22,28.75,-3.75
3252,84,22,31.25,-3.75
3253,85,22,33.75,-3.75
3254,86,22,36.25,-3.75
3255,87,22,38.75,-3.75
3280,112,22,101.25,-3.75
3281,113,22,103.75,-3.75
3282,114,22,106.25,-3.75
3283,115,22,108.75,-3.75
3284,116,22,111.25,-3.75
3285,117,22,113.75,-3.75
3286,118,22,116.25,-3.75
3287,119,22,118.75,-3.75
3288,120,22,121.25,-3.75
3290,122,22,126.25,-3.75
3291,123,22,128.75,-3.75
3292,124,22,131.25,-3.75
3293,125,22,133.75,-3.75
3294,126,22,136.25,-3.75
3295,127,22,138.75,-3.75
3296,128,22,141.25,-3.75
3297,129,22,143.75,-3.75
3300,132,22,151.25,-3.75
3351,39,23,-81.25,-1.25
3352,40,23,-78.75,-1.25
3353,41,23,-76.25,-1.25
3354,42,23,-73.75,-1.25
3355,43,23,-71.25,-1.25
3356,44,23,-68.75,-1.25
3357,45,23,-66.25,-1.25
3358,46,23,-63.75,-1.25
3359,47,23,-61.25,-1.25
3360,48,23,-58.75,-1.25
3361,49,23,-56.25,-1.25
3362,50,23,-53.75,-1.25
3363,51,23,-51.25,-1.25
3364,52,23,-48.75,-1.25
3365,53,23,-46.25,-1.25
3387,75,23,8.75,-1.25
3388,76,23,11.25,-1.25
3389,77,23,13.75,-1.25
3390,78,23,16.25,-1.25
3391,79,23,18.75,-1.25
3392,80,23,21.25,-1.25
3393,81,23,23.75,-1.25
3394,82,23,26.25,-1.25
3395,83,23,28.75,-1.25
3396,84,23,31.25,-1.25
3397,85,23,33.75,-1.25
3398,86,23,36.25,-1.25
3399,87,23,38.75,-1.25
3400,88,23,41.25,-1.25
3423,111,23,98.75,-1.25
3424,112,23,101.25,-1.25
3425,113,23,103.75,-1.25
3427,115,23,108.75,-1.25
3428,116,23,111.25,-1.25
3429,117,23,113.75,-1.25
3430,118,23,116.25,-1.25
3431,119,23,118.75,-1.25
3432,120,23,121.25,-1.25
3436,124,23,131.25,-1.25
3437,125,23,133.75,-1.25
3496,40,24,-78.75,1.25
3497,41,24,-76.25,1.25
3498,42,24,-73.75,1.25
3499,43,24,-71.25,1.25
3500,44,24,-68.75,1.25
3501,45,24,-66.25,1.25
3502,46,24,-63.75,1.25
3503,47,24,-61.25,1.25
3504,48,24,-58.75,1.25
3505,49,24,-56.25,1.25
3506,50,24,-53.75,1.25
3507,51,24,-51.25,1.25
3531,75,24,8.75,1.25
3532,76,24,11.25,1.25
3533,77,24,13.75,1.25
3534,78,24,16.25,1.25
3535,79,24,18.75,1.25
3536,80,24,21.25,1.25
3537,81,24,23.75,1.25
3538,82,24,26.25,1.25
3539,83,24,28.75,1.25
3540,84,24,31.25,1.25
3541,85,24,33.75,1.25
3542,86,24,36.25,1.25
3543,87,24,38.75,1.25
3544,88,24,41.25,1.25
3545,89,24,43.75,1.25
3567,111,24,98.75,1.25
3568,112,24,101.25,1.25
3569,113,24,103.75,1.25
3571,115,24,108.75,1.25
3572,116,24,111.25,1.25
3573,117,24,113.75,1.25
3574,118,24,116.25,1.25
3575,119,24,118.75,1.25
3576,120,24,121.25,1.25
3577,121,24,123.75,1.25
3578,122,24,126.25,1.25
3579,123,24,128.75,1.25
3641,41,25,-76.25,3.75
3642,42,25,-73.75,3.75
3643,43,25,-71.25,3.75
3644,44,25,-68.75,3.75
3645,45,25,-66.25,3.75
3646,46,25,-63.75,3.75
3647,47,25,-61.25,3.75
3648,48,25,-58.75,3.75
3649,49,25,-56.25,3.75
3650,50,25,-53.75,3.75
3651,51,25,-51.25,3.75
3668,68,25,-8.75,3.75
3674,74,25,6.25,3.75
3675,75,25,8.75,3.75
3676,76,25,11.25,3.75
3677,77,25,13.75,3.75
3678,78,25,16.25,3.75
3679,79,25,18.75,3.75
3680,80,25,21.25,3.75
3681,81,25,23.75,3.75
3682,82,25,26.25,3.75
3683,83,25,28.75,3.75
3684,84,25,31.25,3.75
3685,85,25,33.75,3.75
3686,86,25,36.25,3.75
3687,87,25,38.75,3.75
3688,88,25,41.25,3.75
3689,89,25,43.75,3.75
3690,90,25,46.25,3.75
3710,110,25,96.25,3.75
3711,111,25,98.75,3.75
3712,112,25,101.25,3.75
3713,113,25,103.75,3.75
3717,117,25,113.75,3.75
3718,118,25,116.25,3.75
3783,39,26,-81.25,6.25
3784,40,26,-78.75,6.25
3785,41,26,-76.25,6.25
3786,42,26,-73.75,6.25
3787,43,26,-71.25,6.25
3788,44,26,-68.75,6.25
3789,45,26,-66.25,6.25
3790,46,26,-63.75,6.25
3791,47,26,-61.25,6.25
3792,48,26,-58.75,6.25
3793,49,26,-56.25,6.25
3794,50,26,-53.75,6.25
3811,67,26,-11.25,6.25
3812,68,26,-8.75,6.25
3813,69,26,-6.25,6.25
3814,70,26,-3.75,6.25
3815,71,26,-1.25,6.25
3816,72,26,1.25,6.25
3817,73,26,3.75,6.25
3818,74,26,6.25,6.25
3819,75,26,8.75,6.25
3820,76,26,11.25,6.25
3821,77,26,13.75,6.25
3822,78,26,16.25,6.25
3823,79,26,18.75,6.25
3824,80,26,21.25,6.25
3825,81,26,23.75,6.25
3826,82,26,26.25,6.25
3827,83,26,28.75,6.25
3828,84,26,31.25,6.25
3829,85,26,33.75,6.25
3830,86,26,36.25,6.25
3831,87,26,38.75,6.25
3832,88,26,41.25,6.25
3833,89,26,43.75,6.25
3834,90,26,46.25,6.25
3835,91,26,48.75,6.25
3847,103,26,78.75,6.25
3848,104,26,81.25,6.25
3855,111,26,98.75,6.25
3856,112,26,101.25,6.25
3862,118,26,116.25,6.25
3863,119,26,118.75,6.25
3864,120,26,121.25,6.25
3865,121,26,123.75,6.25
3866,122,26,126.25,6.25
3926,38,27,-83.75,8.75
3927,39,27,-81.25,8.75
3928,40,27,-78.75,8.75
3929,41,27,-76.25,8.75
3930,42,27,-73.75,8.75
3931,43,27,-71.25,8.75
3932,44,27,-68.75,8.75
3933,45,27,-66.25,8.75
3934,46,27,-63.75,8.75
3935,47,27,-61.25,8.75
3954,66,27,-13.75,8.75
3955,67,27,-11.25,8.75
3956,68,27,-8.75,8.75
3957,69,27,-6.25,8.75
3958,70,27,-3.75,8.75
3959,71,27,-1.25,8.75
3960,72,27,1.25,8.75
3961,73,27,3.75,8.75
3962,74,27,6.25,8.75
3963,75,27,8.75,8.75
3964,76,27,11.25,8.75
3965,77,27,13.75,8.75
3966,78,27,16.25,8.75
3967,79,27,18.75,8.75
3968,80,27,21.25,8.75
3969,81,27,23.75,8.75
3970,82,27,26.25,8.75
3971,83,27,28.75,8.75
3972,84,27,31.25,8.75
3973,85,27,33.75,8.75
3974,86,27,36.25,8.75
3975,87,27,38.75,8.75
3976,88,27,41.25,8.75
3977,89,27,43.75,8.75
3978,90,27,46.25,8.75
3979,91,27,48.75,8.75
3990,102,27,76.25,8.75
3991,103,27,78.75,8.75
3999,111,27,98.75,8.75
4001,113,27,103.75,8.75
4009,121,27,123.75,8.75
4069,37,28,-86.25,11.25
4070,38,28,-83.75,11.25
4073,41,28,-76.25,11.25
4074,42,28,-73.75,11.25
4075,43,28,-71.25,11.25
4076,44,28,-68.75,11.25
4077,45,28,-66.25,11.25
4078,46,28,-63.75,11.25
4079,47,28,-61.25,11.25
4097,65,28,-16.25,11.25
4098,66,28,-13.75,11.25
4099,67,28,-11.25,11.25
4100,68,28,-8.75,11.25
4101,69,28,-6.25,11.25
4102,70,28,-3.75,11.25
4103,71,28,-1.25,11.25
4104,72,28,1.25,11.25
4105,73,28,3.75,11.25
4106,74,28,6.25,11.25
4107,75,28,8.75,11.25
4108,76,28,11.25,11.25
4109,77,28,13.75,11.25
4110,78,28,16.25,11.25
4111,79,28,18.75,11.25
4112,80,28,21.25,11.25
4113,81,28,23.75,11.25
4114,82,28,26.25,11.25
4115,83,28,28.75,11.25
4116,84,28,31.25,11.25
4117,85,28,33.75,11.25
4118,86,28,36.25,11.25
4119,87,28,38.75,11.25
4120,88,28,41.25,11.25
4121,89,28,43.75,11.25
4122,90,28,46.25,11.25
4123,91,28,48.75,11.25
4134,102,28,76.25,11.25
4135,103,28,78.75,11.25
4143,111,28,98.75,11.25
4144,112,28,101.25,11.25
4145,113,28,103.75,11.25
4146,114,28,106.25,11.25
4147,115,28,108.75,11.25
4152,120,28,121.25,11.25
4153,121,28,123.75,11.25
4211,35,29,-91.25,13.75
4212,36,29,-88.75,13.75
4213,37,29,-86.25,13.75
4241,65,29,-16.25,13.75
4242,66,29,-13.75,13.75
4243,67,29,-11.25,13.75
4244,68,29,-8.75,13.75
4245,69,29,-6.25,13.75
4246,70,29,-3.75,13.75
4247,71,29,-1.25,13.75
4248,72,29,1.25,13.75
4249,73,29,3.75,13.75
4250,74,29,6.25,13.75
4251,75,29,8.75,13.75
4252,76,29,11.25,13.75
4253,77,29,13.75,13.75
4254,78,29,16.25,13.75
4255,79,29,18.75,13.75
4256,80,29,21.25,13.75
4257,81,29,23.75,13.75
4258,82,29,26.25,13.75
4259,83,29,28.75,13.75
4260,84,29,31.25,13.75
4261,85,29,33.75,13.75
4262,86,29,36.25,13.75
4263,87,29,38.75,13.75
4264,88,29,41.25,13.75
4265,89,29,43.75,13.75
4266,90,29,46.25,13.75
4267,91,29,48.75,13.75
4277,101,29,73.75,13.75
4278,102,29,76.25,13.75
4279,103,29,78.75,13.75
4287,111,29,98.75,13.75
4288,112,29,101.25,13.75
4289,113,29,103.75,13.75
4290,114,29,106.25,13.75
4291,115,29,108.75,13.75
4296,120,29,121.25,13.75
4297,121,29,123.75,13.75
4351,31,30,-101.25,16.25
4352,32,30,-98.75,16.25
4353,33,30,-96.25,16.25
4354,34,30,-93.75,16.25
4355,35,30,-91.25,16.25
4356,36,30,-88.75,16.25
4357,37,30,-86.25,16.25
4385,65,30,-16.25,16.25
4386,66,30,-13.75,16.25
4387,67,30,-11.25,16.25
4388,68,30,-8.75,16.25
4389,69,30,-6.25,16.25
4390,70,30,-3.75,16.25
4391,71,30,-1.25,16.25
4392,72,30,1.25,16.25
4393,73,30,3.75,16.25
4394,74,30,6.25,16.25
4395,75,30,8.75,16.25
4396,76,30,11.25,16.25
4397,77,30,13.75,16.25
4398,78,30,16.25,16.25
4399,79,30,18.75,16.25
4400,80,30,21.25,16.25
4401,81,30,23.75,16.25
4402,82,30,26.25,16.25
4403,83,30,28.75,16.25
4404,84,30,31.25,16.25
4405,85,30,33.75,16.25
4406,86,30,36.25,16.25
4407,87,30,38.75,16.25
4408,88,30,41.25,16.25
4409,89,30,43.75,16.25
4410,90,30,46.25,16.25
4411,91,30,48.75,16.25
4412,92,30,51.25,16.25
4413,93,30,53.75,16.25
4421,101,30,73.75,16.25
4422,102,30,76.25,16.25
4423,103,30,78.75,16.25
4424,104,30,81.25,16.25
4429,109,30,93.75,16.25
4430,110,30,96.25,16.25
4431,111,30,98.75,16.25
4432,112,30,101.25,16.25
4433,113,30,103.75,16.25
4434,114,30,106.25,16.25
4435,115,30,108.75,16.25
4439,119,30,118.75,16.25
4440,120,30,121.25,16.25
4473,9,31,-156.25,18.75
4493,29,31,-106.25,18.75
4494,30,31,-103.75,18.75
4495,31,31,-101.25,18.75
4496,32,31,-98.75,18.75
4497,33,31,-96.25,18.75
4498,34,31,-93.75,18.75
4499,35,31,-91.25,18.75
4500,36,31,-88.75,18.75
4504,40,31,-78.75,18.75
4506,42,31,-73.75,18.75
4507,43,31,-71.25,18.75
4509,45,31,-66.25,18.75
4529,65,31,-16.25,18.75
4530,66,31,-13.75,18.75
4531,67,31,-11.25,18.75
4532,68,31,-8.75,18.75
4533,69,31,-6.25,18.75
4534,70,31,-3.75,18.75
4535,71,31,-1.25,18.75
4536,72,31,1.25,18.75
4537,73,31,3.75,18.75
4538,74,31,6.25,18.75
4539,75,31,8.75,18.75
4540,76,31,11.25,18.75
4541,77,31,13.75,18.75
4542,78,31,16.25,18.75
4543,79,31,18.75,18.75
4544,80,31,21.25,18.75
4545,81,31,23.75,18.75
4546,82,31,26.25,18.75
4547,83,31,28.75,18.75
4548,84,31,31.25,18.75
4549,85,31,33.75,18.75
4550,86,31,36.25,18.75
4552,88,31,41.25,18.75
4553,89,31,43.75,18.75
4555,91,31,48.75,18.75
4556,92,31,51.25,18.75
4557,93,31,53.75,18.75
4558,94,31,56.25,18.75
4565,101,31,73.75,18.75
4566,102,31,76.25,18.75
4567,103,31,78.75,18.75
4568,104,31,81.25,18.75
4569,105,31,83.75,18.75
4573,109,31,93.75,18.75
4574,110,31,96.25,18.75
4575,111,31,98.75,18.75
4576,112,31,101.25,18.75
4577,113,31,103.75,18.75
4579,115,31,108.75,18.75
4584,120,31,121.25,18.75
4637,29,32,-106.25,21.25
4638,30,32,-103.75,21.25
4639,31,32,-101.25,21.25
4640,32,32,-98.75,21.25
4643,35,32,-91.25,21.25
4644,36,32,-88.75,21.25
4646,38,32,-83.75,21.25
4647,39,32,-81.25,21.25
4648,40,32,-78.75,21.25
4649,41,32,-76.25,21.25
4673,65,32,-16.25,21.25
4674,66,32,-13.75,21.25
4675,67,32,-11.25,21.25
4676,68,32,-8.75,21.25
4677,69,32,-6.25,21.25
4678,70,32,-3.75,21.25
4679,71,32,-1.25,21.25
4680,72,32,1.25,21.25
4681,73,32,3.75,21.25
4682,74,32,6.25,21.25
4683,75,32,8.75,21.25
4684,76,32,11.25,21.25
4685,77,32,13.75,21.25
4686,78,32,16.25,21.25
4687,79,32,18.75,21.25
4688,80,32,21.25,21.25
4689,81,32,23.75,21.25
4690,82,32,26.25,21.25
4691,83,32,28.75,21.25
4692,84,32,31.25,21.25
4693,85,32,33.75,21.25
4694,86,32,36.25,21.25
4695,87,32,38.75,21.25
4696,88,32,41.25,21.25
4697,89,32,43.75,21.25
4698,90,32,46.25,21.25
4699,91,32,48.75,21.25
4700,92,32,51.25,21.25
4701,93,32,53.75,21.25
4702,94,32,56.25,21.25
4703,95,32,58.75,21.25
4707,99,32,68.75,21.25
4708,100,32,71.25,21.25
4709,101,32,73.75,21.25
4710,102,32,76.25,21.25
4711,103,32,78.75,21.25
4712,104,32,81.25,21.25
4713,105,32,83.75,21.25
4714,106,32,86.25,21.25
4715,107,32,88.75,21.25
4716,108,32,91.25,21.25
4717,109,32,93.75,21.25
4718,110,32,96.25,21.25
4719,111,32,98.75,21.25
4720,112,32,101.25,21.25
4721,113,32,103.75,21.25
4722,114,32,106.25,21.25
4723,115,32,108.75,21.25
4724,116,32,111.25,21.25
4725,117,32,113.75,21.25
4779,27,33,-111.25,23.75
4780,28,33,-108.75,23.75
4781,29,33,-106.25,23.75
4782,30,33,-103.75,23.75
4783,31,33,-101.25,23.75
4784,32,33,-98.75,23.75
4817,65,33,-16.25,23.75
4818,66,33,-13.75,23.75
4819,67,33,-11.25,23.75
4820,68,33,-8.75,23.75
4821,69,33,-6.25,23.75
4822,70,33,-3.75,23.75
4823,71,33,-1.25,23.75
4824,72,33,1.25,23.75
4825,73,33,3.75,23.75
4826,74,33,6.25,23.75
4827,75,33,8.75,23.75
4828,76,33,11.25,23.75
4829,77,33,13.75,23.75
4830,78,33,16.25,23.75
4831,79,33,18.75,23.75
4832,80,33,21.25,23.75
4833,81,33,23.75,23.75
4834,82,33,26.25,23.75
4835,83,33,28.75,23.75
4836,84,33,31.25,23.75
4837,85,33,33.75,23.75
4838,86,33,36.25,23.75
4839,87,33,38.75,23.75
4840,88,33,41.25,23.75
4841,89,33,43.75,23.75
4842,90,33,46.25,23.75
4843,91,33,48.75,23.75
4844,92,33,51.25,23.75
4845,93,33,53.75,23.75
4846,94,33,56.25,23.75
4847,95,33,58.75,23.75
4850,98,33,66.25,23.75
4851,99,33,68.75,23.75
4852,100,33,71.25,23.75
4853,101,33,73.75,23.75
4854,102,33,76.25,23.75
4855,103,33,78.75,23.75
4856,104,33,81.25,23.75
4857,105,33,83.75,23.75
4858,106,33,86.25,23.75
4859,107,33,88.75,23.75
4860,108,33,91.25,23.75
4861,109,33,93.75,23.75
4862,110,33,96.25,23.75
4863,111,33,98.75,23.75
4864,112,33,101.25,23.75
4865,113,33,103.75,23.75
4866,114,33,106.25,23.75
4867,115,33,108.75,23.75
4868,116,33,111.25,23.75
4869,117,33,113.75,23.75
4870,118,33,116.25,23.75
4871,119,33,118.75,23.75
4872,120,33,121.25,23.75
4922,26,34,-113.75,26.25
4923,27,34,-111.25,26.25
4924,28,34,-108.75,26.25
4925,29,34,-106.25,26.25
4926,30,34,-103.75,26.25
4927,31,34,-101.25,26.25
4928,32,34,-98.75,26.25
4935,39,34,-81.25,26.25
4962,66,34,-13.75,26.25
4963,67,34,-11.25,26.25
4964,68,34,-8.75,26.25
4965,69,34,-6.25,26.25
4966,70,34,-3.75,26.25
4967,71,34,-1.25,26.25
4968,72,34,1.25,26.25
4969,73,34,3.75,26.25
4970,74,34,6.25,26.25
4971,75,34,8.75,26.25
4972,76,34,11.25,26.25
4973,77,34,13.75,26.25
4974,78,34,16.25,26.25
4975,79,34,18.75,26.25
4976,80,34,21.25,26.25
4977,81,34,23.75,26.25
4978,82,34,26.25,26.25
4979,83,34,28.75,26.25
4980,84,34,31.25,26.25
4981,85,34,33.75,26.25
4982,86,34,36.25,26.25
4983,87,34,38.75,26.25
4984,88,34,41.25,26.25
4985,89,34,43.75,26.25
4986,90,34,46.25,26.25
4987,91,34,48.75,26.25
4988,92,34,51.25,26.25
4989,93,34,53.75,26.25
4990,94,34,56.25,26.25
4991,95,34,58.75,26.25
4992,96,34,61.25,26.25
4993,97,34,63.75,26.25
4994,98,34,66.25,26.25
4995,99,34,68.75,26.25
4996,100,34,71.25,26.25
4997,101,34,73.75,26.25
4998,102,34,76.25,26.25
4999,103,34,78.75,26.25
5000,104,34,81.25,26.25
5001,105,34,83.75,26.25
5002,106,34,86.25,26.25
5003,107,34,88.75,26.25
5004,108,34,91.25,26.25
5005,109,34,93.75,26.25
5006,110,34,96.25,26.25
5007,111,34,98.75,26.25
5008,112,34,101.25,26.25
5009,113,34,103.75,26.25
5010,114,34,106.25,26.25
5011,115,34,108.75,26.25
5012,116,34,111.25,26.25
5013,117,34,113.75,26.25
5014,118,34,116.25,26.25
5015,119,34,118.75,26.25
5065,25,35,-116.25,28.75
5066,26,35,-113.75,28.75
5067,27,35,-111.25,28.75
5068,28,35,-108.75,28.75
5069,29,35,-106.25,28.75
5070,30,35,-103.75,28.75
5071,31,35,-101.25,28.75
5072,32,35,-98.75,28.75
5073,33,35,-96.25,28.75
5075,35,35,-91.25,28.75
5078,38,35,-83.75,28.75
5079,39,35,-81.25,28.75
5107,67,35,-11.25,28.75
5108,68,35,-8.75,28.75
5109,69,35,-6.25,28.75
5110,70,35,-3.75,28.75
5111,71,35,-1.25,28.75
5112,72,35,1.25,28.75
5113,73,35,3.75,28.75
5114,74,35,6.25,28.75
5115,75,35,8.75,28.75
5116,76,35,11.25,28.75
5117,77,35,13.75,28.75
5118,78,35,16.25,28.75
5119,79,35,18.75,28.75
5120,80,35,21.25,28.75
5121,81,35,23.75,28.75
5122,82,35,26.25,28.75
5123,83,35,28.75,28.75
5125,85,35,33.75,28.75
5126,86,35,36.25,28.75
5127,87,35,38.75,28.75
5128,88,35,41.25,28.75
5129,89,35,43.75,28.75
5130,90,35,46.25,28.75
5131,91,35,48.75,28.75
5132,92,35,51.25,28.75
5133,93,35,53.75,28.75
5134,94,35,56.25,28.75
5135,95,35,58.75,28.75
5136,96,35,61.25,28.75
5137,97,35,63.75,28.75
5138,98,35,66.25,28.75
5139,99,35,68.75,28.75
5140,100,35,71.25,28.75
5141,101,35,73.75,28.75
5142,102,35,76.25,28.75
5143,103,35,78.75,28.75
5144,104,35,81.25,28.75
5145,105,35,83.75,28.75
5146,106,35,86.25,28.75
5147,107,35,88.75,28.75
5148,108,35,91.25,28.75
5149,109,35,93.75,28.75
5150,110,35,96.25,28.75
5151,111,35,98.75,28.75
5152,112,35,101.25,28.75
5153,113,35,103.75,28.75
5154,114,35,106.25,28.75
5155,115,35,108.75,28.75
5156,116,35,111.25,28.75
5157,117,35,113.75,28.75
5158,118,35,116.25,28.75
5159,119,35,118.75,28.75
5160,120,35,121.25,28.75
5209,25,36,-116.25,31.25
5210,26,36,-113.75,31.25
5211,27,36,-111.25,31.25
5212,28,36,-108.75,31.25
5213,29,36,-106.25,31.25
5214,30,36,-103.75,31.25
5215,31,36,-101.25,31.25
5216,32,36,-98.75,31.25
5217,33,36,-96.25,31.25
5218,34,36,-93.75,31.25
5219,35,36,-91.25,31.25
5220,36,36,-88.75,31.25
5221,37,36,-86.25,31.25
5222,38,36,-83.75,31.25
5223,39,36,-81.25,31.25
5252,68,36,-8.75,31.25
5253,69,36,-6.25,31.25
5254,70,36,-3.75,31.25
5255,71,36,-1.25,31.25
5256,72,36,1.25,31.25
5257,73,36,3.75,31.25
5258,74,36,6.25,31.25
5259,75,36,8.75,31.25
5260,76,36,11.25,31.25
5261,77,36,13.75,31.25
5262,78,36,16.25,31.25
5263,79,36,18.75,31.25
5264,80,36,21.25,31.25
5265,81,36,23.75,31.25
5266,82,36,26.25,31.25
5267,83,36,28.75,31.25
5268,84,36,31.25,31.25
5269,85,36,33.75,31.25
5270,86,36,36.25,31.25
5271,87,36,38.75,31.25
5272,88,36,41.25,31.25
5273,89,36,43.75,31.25
5274,90,36,46.25,31.25
5275,91,36,48.75,31.25
5276,92,36,51.25,31.25
5277,93,36,53.75,31.25
5278,94,36,56.25,31.25
5279,95,36,58.75,31.25
5280,96,36,61.25,31.25
5281,97,36,63.75,31.25
5282,98,36,66.25,31.25
5283,99,36,68.75,31.25
5284,100,36,71.25,31.25
5285,101,36,73.75,31.25
5286,102,36,76.25,31.25
5287,103,36,78.75,31.25
5288,104,36,81.25,31.25
5289,105,36,83.75,31.25
5290,106,36,86.25,31.25
5291,107,36,88.75,31.25
5292,108,36,91.25,31.25
5293,109,36,93.75,31.25
5294,110,36,96.25,31.25
5295,111,36,98.75,31.25
5296,112,36,101.25,31.25
5297,113,36,103.75,31.25
5298,114,36,106.25,31.25
5299,115,36,108.75,31.25
5300,116,36,111.25,31.25
5301,117,36,113.75,31.25
5302,118,36,116.25,31.25
5303,119,36,118.75,31.25
5304,120,36,121.25,31.25
5308,124,36,131.25,31.25
5351,23,37,-121.25,33.75
5352,24,37,-118.75,33.75
5353,25,37,-116.25,33.75
5354,26,37,-113.75,33.75
5355,27,37,-111.25,33.75
5356,28,37,-108.75,33.75
5357,29,37,-106.25,33.75
5358,30,37,-103.75,33.75
5359,31,37,-101.25,33.75
5360,32,37,-98.75,33.75
5361,33,37,-96.25,33.75
5362,34,37,-93.75,33.75
5363,35,37,-91.25,33.75
5364,36,37,-88.75,33.75
5365,37,37,-86.25,33.75
5366,38,37,-83.75,33.75
5367,39,37,-81.25,33.75
5368,40,37,-78.75,33.75
5396,68,37,-8.75,33.75
5397,69,37,-6.25,33.75
5398,70,37,-3.75,33.75
5399,71,37,-1.25,33.75
5400,72,37,1.25,33.75
5401,73,37,3.75,33.75
5402,74,37,6.25,33.75
5403,75,37,8.75,33.75
5413,85,37,33.75,33.75
5414,86,37,36.25,33.75
5415,87,37,38.75,33.75
5416,88,37,41.25,33.75
5417,89,37,43.75,33.75
5418,90,37,46.25,33.75
5419,91,37,48.75,33.75
5420,92,37,51.25,33.75
5421,93,37,53.75,33.75
5422,94,37,56.25,33.75
5423,95,37,58.75,33.75
5424,96,37,61.25,33.75
5425,97,37,63.75,33.75
5426,98,37,66.25,33.75
5427,99,37,68.75,33.75
5428,100,37,71.25,33.75
5429,101,37,73.75,33.75
5430,102,37,76.25,33.75
5431,103,37,78.75,33.75
5432,104,37,81.25,33.75
5433,105,37,83.75,33.75
5434,106,37,86.25,33.75
5435,107,37,88.75,33.75
5436,108,37,91.25,33.75
5437,109,37,93.75,33.75
5438,110,37,96.25,33.75
5439,111,37,98.75,33.75
5440,112,37,101.25,33.75
5441,113,37,103.75,33.75
5442,114,37,106.25,33.75
5443,115,37,108.75,33.75
5444,116,37,111.25,33.75
5445,117,37,113.75,33.75
5446,118,37,116.25,33.75
5447,119,37,118.75,33.75
5450,122,37,126.25,33.75
5451,123,37,128.75,33.75
5452,124,37,131.25,33.75
5453,125,37,133.75,33.75
5454,126,37,136.25,33.75
5495,23,38,-121.25,36.25
5496,24,38,-118.75,36.25
5497,25,38,-116.25,36.25
5498,26,38,-113.75,36.25
5499,27,38,-111.25,36.25
5500,28,38,-108.75,36.25
5501,29,38,-106.25,36.25
5502,30,38,-103.75,36.25
5503,31,38,-101.25,36.25
5504,32,38,-98.75,36.25
5505,33,38,-96.25,36.25
5506,34,38,-93.75,36.25
5507,35,38,-91.25,36.25
5508,36,38,-88.75,36.25
5509,37,38,-86.25,36.25
5510,38,38,-83.75,36.25
5511,39,38,-81.25,36.25
5512,40,38,-78.75,36.25
5513,41,38,-76.25,36.25
5540,68,38,-8.75,36.25
5541,69,38,-6.25,36.25
5542,70,38,-3.75,36.25
5543,71,38,-1.25,36.25
5544,72,38,1.25,36.25
5545,73,38,3.75,36.25
5546,74,38,6.25,36.25
5547,75,38,8.75,36.25
5549,77,38,13.75,36.25
5552,80,38,21.25,36.25
5554,82,38,26.25,36.25
5555,83,38,28.75,36.25
5556,84,38,31.25,36.25
5557,85,38,33.75,36.25
5558,86,38,36.25,36.25
5559,87,38,38.75,36.25
5560,88,38,41.25,36.25
5561,89,38,43.75,36.25
5562,90,38,46.25,36.25
5563,91,38,48.75,36.25
5564,92,38,51.25,36.25
5565,93,38,53.75,36.25
5566,94,38,56.25,36.25
5567,95,38,58.75,36.25
5568,96,38,61.25,36.25
5569,97,38,63.75,36.25
5570,98,38,66.25,36.25
5571,99,38,68.75,36.25
5572,100,38,71.25,36.25
5573,101,38,73.75,36.25
5574,102,38,76.25,36.25
5575,103,38,78.75,36.25
5576,104,38,81.25,36.25
5577,105,38,83.75,36.25
5578,106,38,86.25,36.25
5579,107,38,88.75,36.25
5580,108,38,91.25,36.25
5581,109,38,93.75,36.25
5583,111,38,98.75,36.25
5584,112,38,101.25,36.25
5585,113,38,103.75,36.25
5586,114,38,106.25,36.25
5587,115,38,108.75,36.25
5588,116,38,111.25,36.25
5589,117,38,113.75,36.25
5590,118,38,116.25,36.25
5591,119,38,118.75,36.25
5592,120,38,121.25,36.25
5594,122,38,126.25,36.25
5595,123,38,128.75,36.25
5597,125,38,133.75,36.25
5598,126,38,136.25,36.25
5599,127,38,138.75,36.25
5638,22,39,-123.75,38.75
5639,23,39,-121.25,38.75
5640,24,39,-118.75,38.75
5641,25,39,-116.25,38.75
5642,26,39,-113.75,38.75
5643,27,39,-111.25,38.75
5644,28,39,-108.75,38.75
5645,29,39,-106.25,38.75
5646,30,39,-103.75,38.75
5647,31,39,-101.25,38.75
5648,32,39,-98.75,38.75
5649,33,39,-96.25,38.75
5650,34,39,-93.75,38.75
5651,35,39,-91.25,38.75
5652,36,39,-88.75,38.75
5653,37,39,-86.25,38.75
5654,38,39,-83.75,38.75
5655,39,39,-81.25,38.75
5656,40,39,-78.75,38.75
5657,41,39,-76.25,38.75
5684,68,39,-8.75,38.75
5685,69,39,-6.25,38.75
5686,70,39,-3.75,38.75
5687,71,39,-1.25,38.75
5691,75,39,8.75,38.75
5694,78,39,16.25,38.75
5695,79,39,18.75,38.75
5696,80,39,21.25,38.75
5697,81,39,23.75,38.75
5698,82,39,26.25,38.75
5699,83,39,28.75,38.75
5700,84,39,31.25,38.75
5701,85,39,33.75,38.75
5702,86,39,36.25,38.75
5703,87,39,38.75,38.75
5704,88,39,41.25,38.75
5705,89,39,43.75,38.75
5706,90,39,46.25,38.75
5707,91,39,48.75,38.75
5709,93,39,53.75,38.75
5710,94,39,56.25,38.75
5711,95,39,58.75,38.75
5712,96,39,61.25,38.75
5713,97,39,63.75,38.75
5714,98,39,66.25,38.75
5715,99,39,68.75,38.75
5716,100,39,71.25,38.75
5717,101,39,73.75,38.75
5718,102,39,76.25,38.75
5719,103,39,78.75,38.75
5720,104,39,81.25,38.75
5721,105,39,83.75,38.75
5722,106,39,86.25,38.75
5723,107,39,88.75,38.75
5724,108,39,91.25,38.75
5725,109,39,93.75,38.75
5726,110,39,96.25,38.75
5727,111,39,98.75,38.75
5728,112,39,101.25,38.75
5729,113,39,103.75,38.75
5730,114,39,106.25,38.75
5731,115,39,108.75,38.75
5732,116,39,111.25,38.75
5733,117,39,113.75,38.75
5734,118,39,116.25,38.75
5735,119,39,118.75,38.75
5736,120,39,121.25,38.75
5737,121,39,123.75,38.75
5738,122,39,126.25,38.75
5743,127,39,138.75,38.75
5744,128,39,141.25,38.75
5782,22,40,-123.75,41.25
5783,23,40,-121.25,41.25
5784,24,40,-118.75,41.25
5785,25,40,-116.25,41.25
5786,26,40,-113.75,41.25
5787,27,40,-111.25,41.25
5788,28,40,-108.75,41.25
5789,29,40,-106.25,41.25
5790,30,40,-103.75,41.25
5791,31,40,-101.25,41.25
5792,32,40,-98.75,41.25
5793,33,40,-96.25,41.25
5794,34,40,-93.75,41.25
5795,35,40,-91.25,41.25
5796,36,40,-88.75,41.25
5797,37,40,-86.25,41.25
5798,38,40,-83.75,41.25
5799,39,40,-81.25,41.25
5800,40,40,-78.75,41.25
5801,41,40,-76.25,41.25
5802,42,40,-73.75,41.25
5803,43,40,-71.25,41.25
5828,68,40,-8.75,41.25
5829,69,40,-6.25,41.25
5830,70,40,-3.75,41.25
5831,71,40,-1.25,41.25
5832,72,40,1.25,41.25
5835,75,40,8.75,41.25
5836,76,40,11.25,41.25
5837,77,40,13.75,41.25
5838,78,40,16.25,41.25
5839,79,40,18.75,41.25
5840,80,40,21.25,41.25
5841,81,40,23.75,41.25
5842,82,40,26.25,41.25
5843,83,40,28.75,41.25
5844,84,40,31.25,41.25
5845,85,40,33.75,41.25
5846,86,40,36.25,41.25
5847,87,40,38.75,41.25
5848,88,40,41.25,41.25
5849,89,40,43.75,41.25
5850,90,40,46.25,41.25
5851,91,40,48.75,41.25
5852,92,40,51.25,41.25
5853,93,40,53.75,41.25
5854,94,40,56.25,41.25
5855,95,40,58.75,41.25
5856,96,40,61.25,41.25
5857,97,40,63.75,41.25
5858,98,40,66.25,41.25
5859,99,40,68.75,41.25
5860,100,40,71.25,41.25
5861,101,40,73.75,41.25
5862,102,40,76.25,41.25
5863,103,40,78.75,41.25
5864,104,40,81.25,41.25
5865,105,40,83.75,41.25
5866,106,40,86.25,41.25
5867,107,40,88.75,41.25
5868,108,40,91.25,41.25
5869,109,40,93.75,41.25
5870,110,40,96.25,41.25
5871,111,40,98.75,41.25
5872,112,40,101.25,41.25
5873,113,40,103.75,41.25
5874,114,40,106.25,41.25
5875,115,40,108.75,41.25
5876,116,40,111.25,41.25
5877,117,40,113.75,41.25
5878,118,40,116.25,41.25
5879,119,40,118.75,41.25
5880,120,40,121.25,41.25
5881,121,40,123.75,41.25
5882,122,40,126.25,41.25
5883,123,40,128.75,41.25
5887,127,40,138.75,41.25
5888,128,40,141.25,41.25
5889,129,40,143.75,41.25
5926,22,41,-123.75,43.75
5927,23,41,-121.25,43.75
5928,24,41,-118.75,43.75
5929,25,41,-116.25,43.75
5930,26,41,-113.75,43.75
5931,27,41,-111.25,43.75
5932,28,41,-108.75,43.75
5933,29,41,-106.25,43.75
5934,30,41,-103.75,43.75
5935,31,41,-101.25,43.75
5936,32,41,-98.75,43.75
5937,33,41,-96.25,43.75
5938,34,41,-93.75,43.75
5939,35,41,-91.25,43.75
5940,36,41,-88.75,43.75
5941,37,41,-86.25,43.75
5942,38,41,-83.75,43.75
5943,39,41,-81.25,43.75
5944,40,41,-78.75,43.75
5945,41,41,-76.25,43.75
5946,42,41,-73.75,43.75
5947,43,41,-71.25,43.75
5948,44,41,-68.75,43.75
5949,45,41,-66.25,43.75
5972,68,41,-8.75,43.75
5973,69,41,-6.25,43.75
5975,71,41,-1.25,43.75
5976,72,41,1.25,43.75
5977,73,41,3.75,43.75
5978,74,41,6.25,43.75
5979,75,41,8.75,43.75
5980,76,41,11.25,43.75
5981,77,41,13.75,43.75
5982,78,41,16.25,43.75
5983,79,41,18.75,43.75
5984,80,41,21.25,43.75
5985,81,41,23.75,43.75
5986,82,41,26.25,43.75
5987,83,41,28.75,43.75
5991,87,41,38.75,43.75
5992,88,41,41.25,43.75
5993,89,41,43.75,43.75
5994,90,41,46.25,43.75
5996,92,41,51.25,43.75
5997,93,41,53.75,43.75
5998,94,41,56.25,43.75
5999,95,41,58.75,43.75
6000,96,41,61.25,43.75
6001,97,41,63.75,43.75
6002,98,41,66.25,43.75
6003,99,41,68.75,43.75
6004,100,41,71.25,43.75
6005,101,41,73.75,43.75
6006,102,41,76.25,43.75
6007,103,41,78.75,43.75
6008,104,41,81.25,43.75
6009,105,41,83.75,43.75
6010,106,41,86.25,43.75
6011,107,41,88.75,43.75
6012,108,41,91.25,43.75
6013,109,41,93.75,43.75
6014,110,41,96.25,43.75
6015,111,41,98.75,43.75
6016,112,41,101.25,43.75
6017,113,41,103.75,43.75
6018,114,41,106.25,43.75
6019,115,41,108.75,43.75
6020,116,41,111.25,43.75
6021,117,41,113.75,43.75
6022,118,41,116.25,43.75
6023,119,41,118.75,43.75
6024,120,41,121.25,43.75
6025,121,41,123.75,43.75
6026,122,41,126.25,43.75
6027,123,41,128.75,43.75
6028,124,41,131.25,43.75
6029,125,41,133.75,43.75
6032,128,41,141.25,43.75
6033,129,41,143.75,43.75
6070,22,42,-123.75,46.25
6071,23,42,-121.25,46.25
6072,24,42,-118.75,46.25
6073,25,42,-116.25,46.25
6074,26,42,-113.75,46.25
6075,27,42,-111.25,46.25
6076,28,42,-108.75,46.25
6077,29,42,-106.25,46.25
6078,30,42,-103.75,46.25
6079,31,42,-101.25,46.25
6080,32,42,-98.75,46.25
6081,33,42,-96.25,46.25
6082,34,42,-93.75,46.25
6083,35,42,-91.25,46.25
6084,36,42,-88.75,46.25
6085,37,42,-86.25,46.25
6086,38,42,-83.75,46.25
6087,39,42,-81.25,46.25
6088,40,42,-78.75,46.25
6089,41,42,-76.25,46.25
6090,42,42,-73.75,46.25
6091,43,42,-71.25,46.25
6092,44,42,-68.75,46.25
6093,45,42,-66.25,46.25
6094,46,42,-63.75,46.25
6095,47,42,-61.25,46.25
6097,49,42,-56.25,46.25
6098,50,42,-53.75,46.25
6119,71,42,-1.25,46.25
6120,72,42,1.25,46.25
6121,73,42,3.75,46.25
6122,74,42,6.25,46.25
6123,75,42,8.75,46.25
6124,76,42,11.25,46.25
6125,77,42,13.75,46.25
6126,78,42,16.25,46.25
6127,79,42,18.75,46.25
6128,80,42,21.25,46.25
6129,81,42,23.75,46.25
6130,82,42,26.25,46.25
6131,83,42,28.75,46.25
6132,84,42,31.25,46.25
6133,85,42,33.75,46.25
6134,86,42,36.25,46.25
6135,87,42,38.75,46.25
6136,88,42,41.25,46.25
6137,89,42,43.75,46.25
6138,90,42,46.25,46.25
6139,91,42,48.75,46.25
6140,92,42,51.25,46.25
6141,93,42,53.75,46.25
6142,94,42,56.25,46.25
6143,95,42,58.75,46.25
6144,96,42,61.25,46.25
6145,97,42,63.75,46.25
6146,98,42,66.25,46.25
6147,99,42,68.75,46.25
6148,100,42,71.25,46.25
6149,101,42,73.75,46.25
6150,102,42,76.25,46.25
6151,103,42,78.75,46.25
6152,104,42,81.25,46.25
6153,105,42,83.75,46.25
6154,106,42,86.25,46.25
6155,107,42,88.75,46.25
6156,108,42,91.25,46.25
6157,109,42,93.75,46.25
6158,110,42,96.25,46.25
6159,111,42,98.75,46.25
6160,112,42,101.25,46.25
6161,113,42,103.75,46.25
6162,114,42,106.25,46.25
6163,115,42,108.75,46.25
6164,116,42,111.25,46.25
6165,117,42,113.75,46.25
6166,118,42,116.25,46.25
6167,119,42,118.75,46.25
6168,120,42,121.25,46.25
6169,121,42,123.75,46.25
6170,122,42,126.25,46.25
6171,123,42,128.75,46.25
6172,124,42,131.25,46.25
6173,125,42,133.75,46.25
6174,126,42,136.25,46.25
6175,127,42,138.75,46.25
6176,128,42,141.25,46.25
6213,21,43,-126.25,48.75
6214,22,43,-123.75,48.75
6215,23,43,-121.25,48.75
6216,24,43,-118.75,48.75
6217,25,43,-116.25,48.75
6218,26,43,-113.75,48.75
6219,27,43,-111.25,48.75
6220,28,43,-108.75,48.75
6221,29,43,-106.25,48.75
6222,30,43,-103.75,48.75
6223,31,43,-101.25,48.75
6224,32,43,-98.75,48.75
6225,33,43,-96.25,48.75
6226,34,43,-93.75,48.75
6227,35,43,-91.25,48.75
6228,36,43,-88.75,48.75
6229,37,43,-86.25,48.75
6230,38,43,-83.75,48.75
6231,39,43,-81.25,48.75
6232,40,43,-78.75,48.75
6233,41,43,-76.25,48.75
6234,42,43,-73.75,48.75
6235,43,43,-71.25,48.75
6236,44,43,-68.75,48.75
6237,45,43,-66.25,48.75
6238,46,43,-63.75,48.75
6240,48,43,-58.75,48.75
6241,49,43,-56.25,48.75
6262,70,43,-3.75,48.75
6263,71,43,-1.25,48.75
6264,72,43,1.25,48.75
6265,73,43,3.75,48.75
6266,74,43,6.25,48.75
6267,75,43,8.75,48.75
6268,76,43,11.25,48.75
6269,77,43,13.75,48.75
6270,78,43,16.25,48.75
6271,79,43,18.75,48.75
6272,80,43,21.25,48.75
6273,81,43,23.75,48.75
6274,82,43,26.25,48.75
6275,83,43,28.75,48.75
6276,84,43,31.25,48.75
6277,85,43,33.75,48.75
6278,86,43,36.25,48.75
6279,87,43,38.75,48.75
6280,88,43,41.25,48.75
6281,89,43,43.75,48.75
6282,90,43,46.25,48.75
6283,91,43,48.75,48.75
6284,92,43,51.25,48.75
6285,93,43,53.75,48.75
6286,94,43,56.25,48.75
6287,95,43,58.75,48.75
6288,96,43,61.25,48.75
6289,97,43,63.75,48.75
6290,98,43,66.25,48.75
6291,99,43,68.75,48.75
6292,100,43,71.25,48.75
6293,101,43,73.75,48.75
6294,102,43,76.25,48.75
6295,103,43,78.75,48.75
6296,104,43,81.25,48.75
6297,105,43,83.75,48.75
6298,106,43,86.25,48.75
6299,107,43,88.75,48.75
6300,108,43,91.25,48.75
6301,109,43,93.75,48.75
6302,110,43,96.25,48.75
6303,111,43,98.75,48.75
6304,112,43,101.25,48.75
6305,113,43,103.75,48.75
6306,114,43,106.25,48.75
6307,115,43,108.75,48.75
6308,116,43,111.25,48.75
6309,117,43,113.75,48.75
6310,118,43,116.25,48.75
6311,119,43,118.75,48.75
6312,120,43,121.25,48.75
6313,121,43,123.75,48.75
6314,122,43,126.25,48.75
6315,123,43,128.75,48.75
6316,124,43,131.25,48.75
6317,125,43,133.75,48.75
6318,126,43,136.25,48.75
6319,127,43,138.75,48.75
6320,128,43,141.25,48.75
6321,129,43,143.75,48.75
6356,20,44,-128.75,51.25
6357,21,44,-126.25,51.25
6358,22,44,-123.75,51.25
6359,23,44,-121.25,51.25
6360,24,44,-118.75,51.25
6361,25,44,-116.25,51.25
6362,26,44,-113.75,51.25
6363,27,44,-111.25,51.25
6364,28,44,-108.75,51.25
6365,29,44,-106.25,51.25
6366,30,44,-103.75,51.25
6367,31,44,-101.25,51.25
6368,32,44,-98.75,51.25
6369,33,44,-96.25,51.25
6370,34,44,-93.75,51.25
6371,35,44,-91.25,51.25
6372,36,44,-88.75,51.25
6373,37,44,-86.25,51.25
6374,38,44,-83.75,51.25
6375,39,44,-81.25,51.25
6376,40,44,-78.75,51.25
6377,41,44,-76.25,51.25
6378,42,44,-73.75,51.25
6379,43,44,-71.25,51.25
6380,44,44,-68.75,51.25
6381,45,44,-66.25,51.25
6382,46,44,-63.75,51.25
6383,47,44,-61.25,51.25
6384,48,44,-58.75,51.25
6385,49,44,-56.25,51.25
6403,67,44,-11.25,51.25
6404,68,44,-8.75,51.25
6405,69,44,-6.25,51.25
6406,70,44,-3.75,51.25
6407,71,44,-1.25,51.25
6408,72,44,1.25,51.25
6409,73,44,3.75,51.25
6410,74,44,6.25,51.25
6411,75,44,8.75,51.25
6412,76,44,11.25,51.25
6413,77,44,13.75,51.25
6414,78,44,16.25,51.25
6415,79,44,18.75,51.25
6416,80,44,21.25,51.25
6417,81,44,23.75,51.25
6418,82,44,26.25,51.25
6419,83,44,28.75,51.25
6420,84,44,31.25,51.25
6421,85,44,33.75,51.25
6422,86,44,36.25,51.25
6423,87,44,38.75,51.25
6424,88,44,41.25,51.25
6425,89,44,43.75,51.25
6426,90,44,46.25,51.25
6427,91,44,48.75,51.25
6428,92,44,51.25,51.25
6429,93,44,53.75,51.25
6430,94,44,56.25,51.25
6431,95,44,58.75,51.25
6432,96,44,61.25,51.25
6433,97,44,63.75,51.25
6434,98,44,66.25,51.25
6435,99,44,68.75,51.25
6436,100,44,71.25,51.25
6437,101,44,73.75,51.25
6438,102,44,76.25,51.25
6439,103,44,78.75,51.25
6440,104,44,81.25,51.25
6441,105,44,83.75,51.25
6442,106,44,86.25,51.25
6443,107,44,88.75,51.25
6444,108,44,91.25,51.25
6445,109,44,93.75,51.25
6446,110,44,96.25,51.25
6447,111,44,98.75,51.25
6448,112,44,101.25,51.25
6449,113,44,103.75,51.25
6450,114,44,106.25,51.25
6451,115,44,108.75,51.25
6452,116,44,111.25,51.25
6453,117,44,113.75,51.25
6454,118,44,116.25,51.25
6455,119,44,118.75,51.25
6456,120,44,121.25,51.25
6457,121,44,123.75,51.25
6458,122,44,126.25,51.25
6459,123,44,128.75,51.25
6460,124,44,131.25,51.25
6461,125,44,133.75,51.25
6462,126,44,136.25,51.25
6463,127,44,138.75,51.25
6464,128,44,141.25,51.25
6465,129,44,143.75,51.25
6470,134,44,156.25,51.25
6471,135,44,158.75,51.25
6498,18,45,-133.75,53.75
6499,19,45,-131.25,53.75
6500,20,45,-128.75,53.75
6501,21,45,-126.25,53.75
6502,22,45,-123.75,53.75
6503,23,45,-121.25,53.75
6504,24,45,-118.75,53.75
6505,25,45,-116.25,53.75
6506,26,45,-113.75,53.75
6507,27,45,-111.25,53.75
6508,28,45,-108.75,53.75
6509,29,45,-106.25,53.75
6510,30,45,-103.75,53.75
6511,31,45,-101.25,53.75
6512,32,45,-98.75,53.75
6513,33,45,-96.25,53.75
6514,34,45,-93.75,53.75
6515,35,45,-91.25,53.75
6516,36,45,-88.75,53.75
6517,37,45,-86.25,53.75
6518,38,45,-83.75,53.75
6520,40,45,-78.75,53.75
6521,41,45,-76.25,53.75
6522,42,45,-73.75,53.75
6523,43,45,-71.25,53.75
6524,44,45,-68.75,53.75
6525,45,45,-66.25,53.75
6526,46,45,-63.75,53.75
6527,47,45,-61.25,53.75
6528,48,45,-58.75,53.75
6529,49,45,-56.25,53.75
6548,68,45,-8.75,53.75
6549,69,45,-6.25,53.75
6550,70,45,-3.75,53.75
6551,71,45,-1.25,53.75
6554,74,45,6.25,53.75
6555,75,45,8.75,53.75
6556,76,45,11.25,53.75
6557,77,45,13.75,53.75
6558,78,45,16.25,53.75
6559,79,45,18.75,53.75
6560,80,45,21.25,53.75
6561,81,45,23.75,53.75
6562,82,45,26.25,53.75
6563,83,45,28.75,53.75
6564,84,45,31.25,53.75
6565,85,45,33.75,53.75
6566,86,45,36.25,53.75
6567,87,45,38.75,53.75
6568,88,45,41.25,53.75
6569,89,45,43.75,53.75
6570,90,45,46.25,53.75
6571,91,45,48.75,53.75
6572,92,45,51.25,53.75
6573,93,45,53.75,53.75
6574,94,45,56.25,53.75
6575,95,45,58.75,53.75
6576,96,45,61.25,53.75
6577,97,45,63.75,53.75
6578,98,45,66.25,53.75
6579,99,45,68.75,53.75
6580,100,45,71.25,53.75
6581,101,45,73.75,53.75
6582,102,45,76.25,53.75
6583,103,45,78.75,53.75
6584,104,45,81.25,53.75
6585,105,45,83.75,53.75
6586,106,45,86.25,53.75
6587,107,45,88.75,53.75
6588,108,45,91.25,53.75
6589,109,45,93.75,53.75
6590,110,45,96.25,53.75
6591,111,45,98.75,53.75
6592,112,45,101.25,53.75
6593,113,45,103.75,53.75
6594,114,45,106.25,53.75
6595,115,45,108.75,53.75
6596,116,45,111.25,53.75
6597,117,45,113.75,53.75
6598,118,45,116.25,53.75
6599,119,45,118.75,53.75
6600,120,45,121.25,53.75
6601,121,45,123.75,53.75
6602,122,45,126.25,53.75
6603,123,45,128.75,53.75
6604,124,45,131.25,53.75
6605,125,45,133.75,53.75
6606,126,45,136.25,53.75
6607,127,45,138.75,53.75
6608,128,45,141.25,53.75
6614,134,45,156.25,53.75
6615,135,45,158.75,53.75
6616,136,45,161.25,53.75
6630,6,46,-163.75,56.25
6631,7,46,-161.25,56.25
6632,8,46,-158.75,56.25
6633,9,46,-156.25,56.25
6634,10,46,-153.75,56.25
6641,17,46,-136.25,56.25
6642,18,46,-133.75,56.25
6643,19,46,-131.25,56.25
6644,20,46,-128.75,56.25
6645,21,46,-126.25,56.25
6646,22,46,-123.75,56.25
6647,23,46,-121.25,56.25
6648,24,46,-118.75,56.25
6649,25,46,-116.25,56.25
6650,26,46,-113.75,56.25
6651,27,46,-111.25,56.25
6652,28,46,-108.75,56.25
6653,29,46,-106.25,56.25
6654,30,46,-103.75,56.25
6655,31,46,-101.25,56.25
6656,32,46,-98.75,56.25
6657,33,46,-96.25,56.25
6658,34,46,-93.75,56.25
6665,41,46,-76.25,56.25
6666,42,46,-73.75,56.25
6667,43,46,-71.25,56.25
6668,44,46,-68.75,56.25
6669,45,46,-66.25,56.25
6670,46,46,-63.75,56.25
6671,47,46,-61.25,56.25
6693,69,46,-6.25,56.25
6694,70,46,-3.75,56.25
6699,75,46,8.75,56.25
6700,76,46,11.25,56.25
6701,77,46,13.75,56.25
6702,78,46,16.25,56.25
6703,79,46,18.75,56.25
6704,80,46,21.25,56.25
6705,81,46,23.75,56.25
6706,82,46,26.25,56.25
6707,83,46,28.75,56.25
6708,84,46,31.25,56.25
6709,85,46,33.75,56.25
6710,86,46,36.25,56.25
6711,87,46,38.75,56.25
6712,88,46,41.25,56.25
6713,89,46,43.75,56.25
6714,90,46,46.25,56.25
6715,91,46,48.75,56.25
6716,92,46,51.25,56.25
6717,93,46,53.75,56.25
6718,94,46,56.25,56.25
6719,95,46,58.75,56.25
6720,96,46,61.25,56.25
6721,97,46,63.75,56.25
6722,98,46,66.25,56.25
6723,99,46,68.75,56.25
6724,100,46,71.25,56.25
6725,101,46,73.75,56.25
6726,102,46,76.25,56.25
6727,103,46,78.75,56.25
6728,104,46,81.25,56.25
6729,105,46,83.75,56.25
6730,106,46,86.25,56.25
6731,107,46,88.75,56.25
6732,108,46,91.25,56.25
6733,109,46,93.75,56.25
6734,110,46,96.25,56.25
6735,111,46,98.75,56.25
6736,112,46,101.25,56.25
6737,113,46,103.75,56.25
6738,114,46,106.25,56.25
6739,115,46,108.75,56.25
6740,116,46,111.25,56.25
6741,117,46,113.75,56.25
6742,118,46,116.25,56.25
6743,119,46,118.75,56.25
6744,120,46,121.25,56.25
6745,121,46,123.75,56.25
6746,122,46,126.25,56.25
6747,123,46,128.75,56.25
6748,124,46,131.25,56.25
6749,125,46,133.75,56.25
6750,126,46,136.25,56.25
6751,127,46,138.75,56.25
6758,134,46,156.25,56.25
6759,135,46,158.75,56.25
6760,136,46,161.25,56.25
6775,7,47,-161.25,58.75
6776,8,47,-158.75,58.75
6777,9,47,-156.25,58.75
6779,11,47,-151.25,58.75
6785,17,47,-136.25,58.75
6786,18,47,-133.75,58.75
6787,19,47,-131.25,58.75
6788,20,47,-128.75,58.75
6789,21,47,-126.25,58.75
6790,22,47,-123.75,58.75
6791,23,47,-121.25,58.75
6792,24,47,-118.75,58.75
6793,25,47,-116.25,58.75
6794,26,47,-113.75,58.75
6795,27,47,-111.25,58.75
6796,28,47,-108.75,58.75
6797,29,47,-106.25,58.75
6798,30,47,-103.75,58.75
6799,31,47,-101.25,58.75
6800,32,47,-98.75,58.75
6801,33,47,-96.25,58.75
6802,34,47,-93.75,58.75
6808,40,47,-78.75,58.75
6809,41,47,-76.25,58.75
6810,42,47,-73.75,58.75
6811,43,47,-71.25,58.75
6812,44,47,-68.75,58.75
6813,45,47,-66.25,58.75
6814,46,47,-63.75,58.75
6837,69,47,-6.25,58.75
6838,70,47,-3.75,58.75
6842,74,47,6.25,58.75
6843,75,47,8.75,58.75
6844,76,47,11.25,58.75
6845,77,47,13.75,58.75
6846,78,47,16.25,58.75
6847,79,47,18.75,58.75
6849,81,47,23.75,58.75
6850,82,47,26.25,58.75
6851,83,47,28.75,58.75
6852,84,47,31.25,58.75
6853,85,47,33.75,58.75
6854,86,47,36.25,58.75
6855,87,47,38.75,58.75
6856,88,47,41.25,58.75
6857,89,47,43.75,58.75
6858,90,47,46.25,58.75
6859,91,47,48.75,58.75
6860,92,47,51.25,58.75
6861,93,47,53.75,58.75
6862,94,47,56.25,58.75
6863,95,47,58.75,58.75
6864,96,47,61.25,58.75
6865,97,47,63.75,58.75
6866,98,47,66.25,58.75
6867,99,47,68.75,58.75
6868,100,47,71.25,58.75
6869,101,47,73.75,58.75
6870,102,47,76.25,58.75
6871,103,47,78.75,58.75
6872,104,47,81.25,58.75
6873,105,47,83.75,58.75
6874,106,47,86.25,58.75
6875,107,47,88.75,58.75
6876,108,47,91.25,58.75
6877,109,47,93.75,58.75
6878,110,47,96.25,58.75
6879,111,47,98.75,58.75
6880,112,47,101.25,58.75
6881,113,47,103.75,58.75
6882,114,47,106.25,58.75
6883,115,47,108.75,58.75
6884,116,47,111.25,58.75
6885,117,47,113.75,58.75
6886,118,47,116.25,58.75
6887,119,47,118.75,58.75
6888,120,47,121.25,58.75
6889,121,47,123.75,58.75
6890,122,47,126.25,58.75
6891,123,47,128.75,58.75
6892,124,47,131.25,58.75
6893,125,47,133.75,58.75
6894,126,47,136.25,58.75
6895,127,47,138.75,58.75
6896,128,47,141.25,58.75
6897,129,47,143.75,58.75
6898,130,47,146.25,58.75
6899,131,47,148.75,58.75
6900,132,47,151.25,58.75
6901,133,47,153.75,58.75
6903,135,47,158.75,58.75
6904,136,47,161.25,58.75
6917,5,48,-166.25,61.25
6918,6,48,-163.75,61.25
6919,7,48,-161.25,61.25
6920,8,48,-158.75,61.25
6921,9,48,-156.25,61.25
6922,10,48,-153.75,61.25
6923,11,48,-151.25,61.25
6924,12,48,-148.75,61.25
6925,13,48,-146.25,61.25
6926,14,48,-143.75,61.25
6927,15,48,-141.25,61.25
6928,16,48,-138.75,61.25
6929,17,48,-136.25,61.25
6930,18,48,-133.75,61.25
6931,19,48,-131.25,61.25
6932,20,48,-128.75,61.25
6933,21,48,-126.25,61.25
6934,22,48,-123.75,61.25
6935,23,48,-121.25,61.25
6936,24,48,-118.75,61.25
6937,25,48,-116.25,61.25
6938,26,48,-113.75,61.25
6939,27,48,-111.25,61.25
6940,28,48,-108.75,61.25
6941,29,48,-106.25,61.25
6942,30,48,-103.75,61.25
6943,31,48,-101.25,61.25
6944,32,48,-98.75,61.25
6945,33,48,-96.25,61.25
6946,34,48,-93.75,61.25
6950,38,48,-83.75,61.25
6952,40,48,-78.75,61.25
6953,41,48,-76.25,61.25
6954,42,48,-73.75,61.25
6955,43,48,-71.25,61.25
6956,44,48,-68.75,61.25
6957,45,48,-66.25,61.25
6964,52,48,-48.75,61.25
6965,53,48,-46.25,61.25
6985,73,48,3.75,61.25
6986,74,48,6.25,61.25
6987,75,48,8.75,61.25
6988,76,48,11.25,61.25
6989,77,48,13.75,61.25
6990,78,48,16.25,61.25
6992,80,48,21.25,61.25
6993,81,48,23.75,61.25
6994,82,48,26.25,61.25
6995,83,48,28.75,61.25
6996,84,48,31.25,61.25
6997,85,48,33.75,61.25
6998,86,48,36.25,61.25
6999,87,48,38.75,61.25
7000,88,48,41.25,61.25
7001,89,48,43.75,61.25
7002,90,48,46.25,61.25
7003,91,48,48.75,61.25
7004,92,48,51.25,61.25
7005,93,48,53.75,61.25
7006,94,48,56.25,61.25
7007,95,48,58.75,61.25
7008,96,48,61.25,61.25
7009,97,48,63.75,61.25
7010,98,48,66.25,61.25
7011,99,48,68.75,61.25
7012,100,48,71.25,61.25
7013,101,48,73.75,61.25
7014,102,48,76.25,61.25
7015,103,48,78.75,61.25
7016,104,48,81.25,61.25
7017,105,48,83.75,61.25
7018,106,48,86.25,61.25
7019,107,48,88.75,61.25
7020,108,48,91.25,61.25
7021,109,48,93.75,61.25
7022,110,48,96.25,61.25
7023,111,48,98.75,61.25
7024,112,48,101.25,61.25
7025,113,48,103.75,61.25
7026,114,48,106.25,61.25
7027,115,48,108.75,61.25
7028,116,48,111.25,61.25
7029,117,48,113.75,61.25
7030,118,48,116.25,61.25
7031,119,48,118.75,61.25
7032,120,48,121.25,61.25
7033,121,48,123.75,61.25
7034,122,48,126.25,61.25
7035,123,48,128.75,61.25
7036,124,48,131.25,61.25
7037,125,48,133.75,61.25
7038,126,48,136.25,61.25
7039,127,48,138.75,61.25
7040,128,48,141.25,61.25
7041,129,48,143.75,61.25
7042,130,48,146.25,61.25
7043,131,48,148.75,61.25
7044,132,48,151.25,61.25
7045,133,48,153.75,61.25
7046,134,48,156.25,61.25
7047,135,48,158.75,61.25
7048,136,48,161.25,61.25
7049,137,48,163.75,61.25
7050,138,48,166.25,61.25
7051,139,48,168.75,61.25
7052,140,48,171.25,61.25
7053,141,48,173.75,61.25
7054,142,48,176.25,61.25
7055,143,48,178.75,61.25
7058,2,49,-173.75,63.75
7061,5,49,-166.25,63.75
7062,6,49,-163.75,63.75
7063,7,49,-161.25,63.75
7064,8,49,-158.75,63.75
7065,9,49,-156.25,63.75
7066,10,49,-153.75,63.75
7067,11,49,-151.25,63.75
7068,12,49,-148.75,63.75
7069,13,49,-146.25,63.75
7070,14,49,-143.75,63.75
7071,15,49,-141.25,63.75
7072,16,49,-138.75,63.75
7073,17,49,-136.25,63.75
7074,18,49,-133.75,63.75
7075,19,49,-131.25,63.75
7076,20,49,-128.75,63.75
7077,21,49,-126.25,63.75
7078,22,49,-123.75,63.75
7079,23,49,-121.25,63.75
7080,24,49,-118.75,63.75
7081,25,49,-116.25,63.75
7082,26,49,-113.75,63.75
7083,27,49,-111.25,63.75
7084,28,49,-108.75,63.75
7085,29,49,-106.25,63.75
7086,30,49,-103.75,63.75
7087,31,49,-101.25,63.75
7088,32,49,-98.75,63.75
7089,33,49,-96.25,63.75
7090,34,49,-93.75,63.75
7091,35,49,-91.25,63.75
7092,36,49,-88.75,63.75
7093,37,49,-86.25,63.75
7094,38,49,-83.75,63.75
7096,40,49,-78.75,63.75
7097,41,49,-76.25,63.75
7098,42,49,-73.75,63.75
7099,43,49,-71.25,63.75
7100,44,49,-68.75,63.75
7101,45,49,-66.25,63.75
7107,51,49,-51.25,63.75
7119,63,49,-21.25,63.75
7120,64,49,-18.75,63.75
7121,65,49,-16.25,63.75
7131,75,49,8.75,63.75
7132,76,49,11.25,63.75
7133,77,49,13.75,63.75
7134,78,49,16.25,63.75
7135,79,49,18.75,63.75
7136,80,49,21.25,63.75
7137,81,49,23.75,63.75
7138,82,49,26.25,63.75
7139,83,49,28.75,63.75
7140,84,49,31.25,63.75
7141,85,49,33.75,63.75
7142,86,49,36.25,63.75
7143,87,49,38.75,63.75
7144,88,49,41.25,63.75
7145,89,49,43.75,63.75
7146,90,49,46.25,63.75
7147,91,49,48.75,63.75
7148,92,49,51.25,63.75
7149,93,49,53.75,63.75
7150,94,49,56.25,63.75
7151,95,49,58.75,63.75
7152,96,49,61.25,63.75
7153,97,49,63.75,63.75
7154,98,49,66.25,63.75
7155,99,49,68.75,63.75
7156,100,49,71.25,63.75
7157,101,49,73.75,63.75
7158,102,49,76.25,63.75
7159,103,49,78.75,63.75
7160,104,49,81.25,63.75
7161,105,49,83.75,63.75
7162,106,49,86.25,63.75
7163,107,49,88.75,63.75
7164,108,49,91.25,63.75
7165,109,49,93.75,63.75
7166,110,49,96.25,63.75
7167,111,49,98.75,63.75
7168,112,49,101.25,63.75
7169,113,49,103.75,63.75
7170,114,49,106.25,63.75
7171,115,49,108.75,63.75
7172,116,49,111.25,63.75
7173,117,49,113.75,63.75
7174,118,49,116.25,63.75
7175,119,49,118.75,63.75
7176,120,49,121.25,63.75
7177,121,49,123.75,63.75
7178,122,49,126.25,63.75
7179,123,49,128.75,63.75
7180,124,49,131.25,63.75
7181,125,49,133.75,63.75
7182,126,49,136.25,63.75
7183,127,49,138.75,63.75
7184,128,49,141.25,63.75
7185,129,49,143.75,63.75
7186,130,49,146.25,63.75
7187,131,49,148.75,63.75
7188,132,49,151.25,63.75
7189,133,49,153.75,63.75
7190,134,49,156.25,63.75
7191,135,49,158.75,63.75
7192,136,49,161.25,63.75
7193,137,49,163.75,63.75
7194,138,49,166.25,63.75
7195,139,49,168.75,63.75
7196,140,49,171.25,63.75
7197,141,49,173.75,63.75
7198,142,49,176.25,63.75
7199,143,49,178.75,63.75
7200,0,50,-178.75,66.25
7201,1,50,-176.25,66.25
7202,2,50,-173.75,66.25
7203,3,50,-171.25,66.25
7205,5,50,-166.25,66.25
7206,6,50,-163.75,66.25
7207,7,50,-161.25,66.25
7208,8,50,-158.75,66.25
7209,9,50,-156.25,66.25
7210,10,50,-153.75,66.25
7211,11,50,-151.25,66.25
7212,12,50,-148.75,66.25
7213,13,50,-146.25,66.25
7214,14,50,-143.75,66.25
7215,15,50,-141.25,66.25
7216,16,50,-138.75,66.25
7217,17,50,-136.25,66.25
7218,18,50,-133.75,66.25
7219,19,50,-131.25,66.25
7220,20,50,-128.75,66.25
7221,21,50,-126.25,66.25
7222,22,50,-123.75,66.25
7224,24,50,-118.75,66.25
7225,25,50,-116.25,66.25
7226,26,50,-113.75,66.25
7227,27,50,-111.25,66.25
7228,28,50,-108.75,66.25
7229,29,50,-106.25,66.25
7230,30,50,-103.75,66.25
7231,31,50,-101.25,66.25
7232,32,50,-98.75,66.25
7233,33,50,-96.25,66.25
7234,34,50,-93.75,66.25
7235,35,50,-91.25,66.25
7236,36,50,-88.75,66.25
7237,37,50,-86.25,66.25
7238,38,50,-83.75,66.25
7239,39,50,-81.25,66.25
7241,41,50,-76.25,66.25
7242,42,50,-73.75,66.25
7243,43,50,-71.25,66.25
7244,44,50,-68.75,66.25
7245,45,50,-66.25,66.25
7246,46,50,-63.75,66.25
7250,50,50,-53.75,66.25
7251,51,50,-51.25,66.25
7262,62,50,-23.75,66.25
7263,63,50,-21.25,66.25
7264,64,50,-18.75,66.25
7265,65,50,-16.25,66.25
7276,76,50,11.25,66.25
7277,77,50,13.75,66.25
7278,78,50,16.25,66.25
7279,79,50,18.75,66.25
7280,80,50,21.25,66.25
7281,81,50,23.75,66.25
7282,82,50,26.25,66.25
7283,83,50,28.75,66.25
7284,84,50,31.25,66.25
7285,85,50,33.75,66.25
7286,86,50,36.25,66.25
7287,87,50,38.75,66.25
7288,88,50,41.25,66.25
7289,89,50,43.75,66.25
7290,90,50,46.25,66.25
7291,91,50,48.75,66.25
7292,92,50,51.25,66.25
7293,93,50,53.75,66.25
7294,94,50,56.25,66.25
7295,95,50,58.75,66.25
7296,96,50,61.25,66.25
7297,97,50,63.75,66.25
7298,98,50,66.25,66.25
7299,99,50,68.75,66.25
7300,100,50,71.25,66.25
7301,101,50,73.75,66.25
7302,102,50,76.25,66.25
7303,103,50,78.75,66.25
7304,104,50,81.25,66.25
7305,105,50,83.75,66.25
7306,106,50,86.25,66.25
7307,107,50,88.75,66.25
7308,108,50,91.25,66.25
7309,109,50,93.75,66.25
7310,110,50,96.25,66.25
7311,111,50,98.75,66.25
7312,112,50,101.25,66.25
7313,113,50,103.75,66.25
7314,114,50,106.25,66.25
7315,115,50,108.75,66.25
7316,116,50,111.25,66.25
7317,117,50,113.75,66.25
7318,118,50,116.25,66.25
7319,119,50,118.75,66.25
7320,120,50,121.25,66.25
7321,121,50,123.75,66.25
7322,122,50,126.25,66.25
7323,123,50,128.75,66.25
7324,124,50,131.25,66.25
7325,125,50,133.75,66.25
7326,126,50,136.25,66.25
7327,127,50,138.75,66.25
7328,128,50,141.25,66.25
7329,129,50,143.75,66.25
7330,130,50,146.25,66.25
7331,131,50,148.75,66.25
7332,132,50,151.25,66.25
7333,133,50,153.75,66.25
7334,134,50,156.25,66.25
7335,135,50,158.75,66.25
7336,136,50,161.25,66.25
7337,137,50,163.75,66.25
7338,138,50,166.25,66.25
7339,139,50,168.75,66.25
7340,140,50,171.25,66.25
7341,141,50,173.75,66.25
7342,142,50,176.25,66.25
7343,143,50,178.75,66.25
7344,0,51,-178.75,68.75
7349,5,51,-166.25,68.75
7350,6,51,-163.75,68.75
7351,7,51,-161.25,68.75
7352,8,51,-158.75,68.75
7353,9,51,-156.25,68.75
7354,10,51,-153.75,68.75
7355,11,51,-151.25,68.75
7356,12,51,-148.75,68.75
7357,13,51,-146.25,68.75
7358,14,51,-143.75,68.75
7359,15,51,-141.25,68.75
7360,16,51,-138.75,68.75
7361,17,51,-136.25,68.75
7362,18,51,-133.75,68.75
7363,19,51,-131.25,68.75
7364,20,51,-128.75,68.75
7365,21,51,-126.25,68.75
7366,22,51,-123.75,68.75
7367,23,51,-121.25,68.75
7368,24,51,-118.75,68.75
7369,25,51,-116.25,68.75
7370,26,51,-113.75,68.75
7371,27,51,-111.25,68.75
7372,28,51,-108.75,68.75
7373,29,51,-106.25,68.75
7374,30,51,-103.75,68.75
7376,32,51,-98.75,68.75
7377,33,51,-96.25,68.75
7378,34,51,-93.75,68.75
7379,35,51,-91.25,68.75
7380,36,51,-88.75,68.75
7381,37,51,-86.25,68.75
7382,38,51,-83.75,68.75
7385,41,51,-76.25,68.75
7386,42,51,-73.75,68.75
7387,43,51,-71.25,68.75
7388,44,51,-68.75,68.75
7394,50,51,-53.75,68.75
7395,51,51,-51.25,68.75
7421,77,51,13.75,68.75
7422,78,51,16.25,68.75
7423,79,51,18.75,68.75
7424,80,51,21.25,68.75
7425,81,51,23.75,68.75
7426,82,51,26.25,68.75
7427,83,51,28.75,68.75
7428,84,51,31.25,68.75
7429,85,51,33.75,68.75
7430,86,51,36.25,68.75
7433,89,51,43.75,68.75
7437,93,51,53.75,68.75
7438,94,51,56.25,68.75
7439,95,51,58.75,68.75
7440,96,51,61.25,68.75
7441,97,51,63.75,68.75
7442,98,51,66.25,68.75
7443,99,51,68.75,68.75
7444,100,51,71.25,68.75
7445,101,51,73.75,68.75
7446,102,51,76.25,68.75
7447,103,51,78.75,68.75
7448,104,51,81.25,68.75
7449,105,51,83.75,68.75
7450,106,51,86.25,68.75
7451,107,51,88.75,68.75
7452,108,51,91.25,68.75
7453,109,51,93.75,68.75
7454,110,51,96.25,68.75
7455,111,51,98.75,68.75
7456,112,51,101.25,68.75
7457,113,51,103.75,68.75
7458,114,51,106.25,68.75
7459,115,51,108.75,68.75
7460,116,51,111.25,68.75
7461,117,51,113.75,68.75
7462,118,51,116.25,68.75
7463,119,51,118.75,68.75
7464,120,51,121.25,68.75
7465,121,51,123.75,68.75
7466,122,51,126.25,68.75
7468,124,51,131.25,68.75
7469,125,51,133.75,68.75
7470,126,51,136.25,68.75
7471,127,51,138.75,68.75
7472,128,51,141.25,68.75
7473,129,51,143.75,68.75
7474,130,51,146.25,68.75
7475,131,51,148.75,68.75
7476,132,51,151.25,68.75
7477,133,51,153.75,68.75
7478,134,51,156.25,68.75
7479,135,51,158.75,68.75
7480,136,51,161.25,68.75
7481,137,51,163.75,68.75
7482,138,51,166.25,68.75
7483,139,51,168.75,68.75
7484,140,51,171.25,68.75
7485,141,51,173.75,68.75
7486,142,51,176.25,68.75
7487,143,51,178.75,68.75
7488,0,52,-178.75,71.25
7495,7,52,-161.25,71.25
7496,8,52,-158.75,71.25
7497,9,52,-156.25,71.25
7498,10,52,-153.75,71.25
7499,11,52,-151.25,71.25
7500,12,52,-148.75,71.25
7509,21,52,-126.25,71.25
7510,22,52,-123.75,71.25
7511,23,52,-121.25,71.25
7512,24,52,-118.75,71.25
7513,25,52,-116.25,71.25
7514,26,52,-113.75,71.25
7515,27,52,-111.25,71.25
7516,28,52,-108.75,71.25
7517,29,52,-106.25,71.25
7518,30,52,-103.75,71.25
7519,31,52,-101.25,71.25
7520,32,52,-98.75,71.25
7521,33,52,-96.25,71.25
7522,34,52,-93.75,71.25
7523,35,52,-91.25,71.25
7524,36,52,-88.75,71.25
7525,37,52,-86.25,71.25
7526,38,52,-83.75,71.25
7527,39,52,-81.25,71.25
7528,40,52,-78.75,71.25
7529,41,52,-76.25,71.25
7530,42,52,-73.75,71.25
7531,43,52,-71.25,71.25
7537,49,52,-56.25,71.25
7538,50,52,-53.75,71.25
7539,51,52,-51.25,71.25
7549,61,52,-26.25,71.25
7550,62,52,-23.75,71.25
7569,81,52,23.75,71.25
7570,82,52,26.25,71.25
7571,83,52,28.75,71.25
7580,92,52,51.25,71.25
7581,93,52,53.75,71.25
7586,98,52,66.25,71.25
7587,99,52,68.75,71.25
7588,100,52,71.25,71.25
7589,101,52,73.75,71.25
7590,102,52,76.25,71.25
7591,103,52,78.75,71.25
7592,104,52,81.25,71.25
7593,105,52,83.75,71.25
7594,106,52,86.25,71.25
7595,107,52,88.75,71.25
7596,108,52,91.25,71.25
7597,109,52,93.75,71.25
7598,110,52,96.25,71.25
7599,111,52,98.75,71.25
7600,112,52,101.25,71.25
7601,113,52,103.75,71.25
7602,114,52,106.25,71.25
7603,115,52,108.75,71.25
7604,116,52,111.25,71.25
7605,117,52,113.75,71.25
7606,118,52,116.25,71.25
7607,119,52,118.75,71.25
7608,120,52,121.25,71.25
7609,121,52,123.75,71.25
7610,122,52,126.25,71.25
7611,123,52,128.75,71.25
7612,124,52,131.25,71.25
7613,125,52,133.75,71.25
7614,126,52,136.25,71.25
7615,127,52,138.75,71.25
7616,128,52,141.25,71.25
7617,129,52,143.75,71.25
7618,130,52,146.25,71.25
7619,131,52,148.75,71.25
7620,132,52,151.25,71.25
7621,133,52,153.75,71.25
7622,134,52,156.25,71.25
7623,135,52,158.75,71.25
7654,22,53,-123.75,73.75
7655,23,53,-121.25,73.75
7656,24,53,-118.75,73.75
7657,25,53,-116.25,73.75
7658,26,53,-113.75,73.75
7663,31,53,-101.25,73.75
7664,32,53,-98.75,73.75
7665,33,53,-96.25,73.75
7666,34,53,-93.75,73.75
7667,35,53,-91.25,73.75
7668,36,53,-88.75,73.75
7669,37,53,-86.25,73.75
7670,38,53,-83.75,73.75
7671,39,53,-81.25,73.75
7694,62,53,-23.75,73.75
7725,93,53,53.75,73.75
7726,94,53,56.25,73.75
7736,104,53,81.25,73.75
7737,105,53,83.75,73.75
7738,106,53,86.25,73.75
7739,107,53,88.75,73.75
7740,108,53,91.25,73.75
7741,109,53,93.75,73.75
7742,110,53,96.25,73.75
7743,111,53,98.75,73.75
7744,112,53,101.25,73.75
7745,113,53,103.75,73.75
7746,114,53,106.25,73.75
7747,115,53,108.75,73.75
7748,116,53,111.25,73.75
7749,117,53,113.75,73.75
7750,118,53,116.25,73.75
7753,121,53,123.75,73.75
7754,122,53,126.25,73.75
7760,128,53,141.25,73.75
7799,23,54,-121.25,76.25
7800,24,54,-118.75,76.25
7801,25,54,-116.25,76.25
7802,26,54,-113.75,76.25
7803,27,54,-111.25,76.25
7804,28,54,-108.75,76.25
7805,29,54,-106.25,76.25
7807,31,54,-101.25,76.25
7808,32,54,-98.75,76.25
7809,33,54,-96.25,76.25
7811,35,54,-91.25,76.25
7814,38,54,-83.75,76.25
7821,45,54,-66.25,76.25
7853,77,54,13.75,76.25
7874,98,54,66.25,76.25
7875,99,54,68.75,76.25
7883,107,54,88.75,76.25
7884,108,54,91.25,76.25
7885,109,54,93.75,76.25
7886,110,54,96.25,76.25
7887,111,54,98.75,76.25
7888,112,54,101.25,76.25
7889,113,54,103.75,76.25
7890,114,54,106.25,76.25
7891,115,54,108.75,76.25
7892,116,54,111.25,76.25
7893,117,54,113.75,76.25
7902,126,54,136.25,76.25
7903,127,54,138.75,76.25
7904,128,54,141.25,76.25
7905,129,54,143.75,76.25
7906,130,54,146.25,76.25
